{
  "busHistory": {
    "rstCd": "200",
    "dta": {
      "msg": "시외\/고속 이용내역 조회에 성공하였습니다.",
      "busUtlzList": [
        {
          "DSC_TCK": "N",
          "CAL_DTE2": "202403310600",
          "TER_STO": "240",
          "SNCN_HCNT": 0,
          "CAR_NAM": null,
          "RTRP_SNO": "",
          "BMG_COD": "1",
          "TO_SYN_YN": "Y",
          "MRS_MRNP_NO": "20240314220485",
          "CNT2": 0,
          "TIM_DTE": "20240331",
          "TO_SYN_TER_NAM": "원주",
          "CAL_DAY": "목",
          "ADM_KND_COD": "N",
          "TER_SFR": "010",
          "ROUND_YN": "",
          "BD_COD": "1",
          "ADM_KND_NAM": "네이버페이",
          "COR_NAM": "중앙고속",
          "BD_COD_NAM": "우등고속",
          "DSPR_HCNT": 0,
          "FR_SYN_TER_NAM": null,
          "MOB_INET_DIV_COD": "",
          "LIN_SNO": "J000612553",
          "TCK_KND_COD": "M",
          "DCT_COD": "0",
          "DAY": "일",
          "COR_COD": "06",
          "TO_SYN_TER_COD": "240",
          "FR_SYN_YN": "N",
          "FR_NAM": "서울경부",
          "CNT8": 0,
          "FR_SYN_TER_COD": null,
          "TIM_TIM": "0600",
          "TCK_PUB_DIV_COD": "",
          "SORT_DTE": "20240314103420",
          "USR_SNO": "23I0008881",
          "TOT_SUM": 12400,
          "TO_NAM": "원주고속",
          "RAN": 1,
          "BUS_DVS_CD": "H",
          "CAL_DTE": "202403141034",
          "CNT9": 0,
          "TAG_DVS": "",
          "DAY2": "오전",
          "CNT": 1,
          "CNT1": 1
        },
        {
          "DSC_TCK": "N",
          "CAL_DTE2": "202403310600",
          "TER_STO": "240",
          "SNCN_HCNT": 0,
          "CAR_NAM": null,
          "RTRP_SNO": "",
          "BMG_COD": "1",
          "TO_SYN_YN": "Y",
          "MRS_MRNP_NO": "20240314220485",
          "CNT2": 0,
          "TIM_DTE": "20240331",
          "TO_SYN_TER_NAM": "원주",
          "CAL_DAY": "목",
          "ADM_KND_COD": "N",
          "TER_SFR": "010",
          "ROUND_YN": "",
          "BD_COD": "1",
          "ADM_KND_NAM": "네이버페이",
          "COR_NAM": "중앙고속",
          "BD_COD_NAM": "우등고속",
          "DSPR_HCNT": 0,
          "FR_SYN_TER_NAM": null,
          "MOB_INET_DIV_COD": "",
          "LIN_SNO": "J000612553",
          "TCK_KND_COD": "M",
          "DCT_COD": "0",
          "DAY": "일",
          "COR_COD": "06",
          "TO_SYN_TER_COD": "240",
          "FR_SYN_YN": "N",
          "FR_NAM": "서울경부",
          "CNT8": 0,
          "FR_SYN_TER_COD": null,
          "TIM_TIM": "0600",
          "TCK_PUB_DIV_COD": "",
          "SORT_DTE": "20240314103420",
          "USR_SNO": "23I0008881",
          "TOT_SUM": 12400,
          "TO_NAM": "원주고속",
          "RAN": 1,
          "BUS_DVS_CD": "H",
          "CAL_DTE": "202403141034",
          "CNT9": 0,
          "TAG_DVS": "",
          "DAY2": "오전",
          "CNT": 1,
          "CNT1": 1
        },
        {
          "DSC_TCK": "N",
          "CAL_DTE2": "202403310600",
          "TER_STO": "240",
          "SNCN_HCNT": 0,
          "CAR_NAM": null,
          "RTRP_SNO": "",
          "BMG_COD": "1",
          "TO_SYN_YN": "Y",
          "MRS_MRNP_NO": "20240314220485",
          "CNT2": 0,
          "TIM_DTE": "20240331",
          "TO_SYN_TER_NAM": "원주",
          "CAL_DAY": "목",
          "ADM_KND_COD": "N",
          "TER_SFR": "010",
          "ROUND_YN": "",
          "BD_COD": "1",
          "ADM_KND_NAM": "네이버페이",
          "COR_NAM": "중앙고속",
          "BD_COD_NAM": "우등고속",
          "DSPR_HCNT": 0,
          "FR_SYN_TER_NAM": null,
          "MOB_INET_DIV_COD": "",
          "LIN_SNO": "J000612553",
          "TCK_KND_COD": "M",
          "DCT_COD": "0",
          "DAY": "일",
          "COR_COD": "06",
          "TO_SYN_TER_COD": "240",
          "FR_SYN_YN": "N",
          "FR_NAM": "서울경부",
          "CNT8": 0,
          "FR_SYN_TER_COD": null,
          "TIM_TIM": "0600",
          "TCK_PUB_DIV_COD": "",
          "SORT_DTE": "20240314103420",
          "USR_SNO": "23I0008881",
          "TOT_SUM": 12400,
          "TO_NAM": "원주고속",
          "RAN": 1,
          "BUS_DVS_CD": "H",
          "CAL_DTE": "202403141034",
          "CNT9": 0,
          "TAG_DVS": "",
          "DAY2": "오전",
          "CNT": 1,
          "CNT1": 1
        },
        {
          "DSC_TCK": "N",
          "CAL_DTE2": "202403310600",
          "TER_STO": "240",
          "SNCN_HCNT": 0,
          "CAR_NAM": null,
          "RTRP_SNO": "",
          "BMG_COD": "1",
          "TO_SYN_YN": "Y",
          "MRS_MRNP_NO": "20240314220485",
          "CNT2": 0,
          "TIM_DTE": "20240331",
          "TO_SYN_TER_NAM": "원주",
          "CAL_DAY": "목",
          "ADM_KND_COD": "N",
          "TER_SFR": "010",
          "ROUND_YN": "",
          "BD_COD": "1",
          "ADM_KND_NAM": "네이버페이",
          "COR_NAM": "중앙고속",
          "BD_COD_NAM": "우등고속",
          "DSPR_HCNT": 0,
          "FR_SYN_TER_NAM": null,
          "MOB_INET_DIV_COD": "",
          "LIN_SNO": "J000612553",
          "TCK_KND_COD": "M",
          "DCT_COD": "0",
          "DAY": "일",
          "COR_COD": "06",
          "TO_SYN_TER_COD": "240",
          "FR_SYN_YN": "N",
          "FR_NAM": "서울경부",
          "CNT8": 0,
          "FR_SYN_TER_COD": null,
          "TIM_TIM": "0600",
          "TCK_PUB_DIV_COD": "",
          "SORT_DTE": "20240314103420",
          "USR_SNO": "23I0008881",
          "TOT_SUM": 12400,
          "TO_NAM": "원주고속",
          "RAN": 1,
          "BUS_DVS_CD": "H",
          "CAL_DTE": "202403141034",
          "CNT9": 0,
          "TAG_DVS": "",
          "DAY2": "오전",
          "CNT": 1,
          "CNT1": 1
        },
        {
          "DSC_TCK": "N",
          "CAL_DTE2": "202403310600",
          "TER_STO": "240",
          "SNCN_HCNT": 0,
          "CAR_NAM": null,
          "RTRP_SNO": "",
          "BMG_COD": "1",
          "TO_SYN_YN": "Y",
          "MRS_MRNP_NO": "20240314220485",
          "CNT2": 0,
          "TIM_DTE": "20240331",
          "TO_SYN_TER_NAM": "원주",
          "CAL_DAY": "목",
          "ADM_KND_COD": "N",
          "TER_SFR": "010",
          "ROUND_YN": "",
          "BD_COD": "1",
          "ADM_KND_NAM": "네이버페이",
          "COR_NAM": "중앙고속",
          "BD_COD_NAM": "우등고속",
          "DSPR_HCNT": 0,
          "FR_SYN_TER_NAM": null,
          "MOB_INET_DIV_COD": "",
          "LIN_SNO": "J000612553",
          "TCK_KND_COD": "M",
          "DCT_COD": "0",
          "DAY": "일",
          "COR_COD": "06",
          "TO_SYN_TER_COD": "240",
          "FR_SYN_YN": "N",
          "FR_NAM": "서울경부",
          "CNT8": 0,
          "FR_SYN_TER_COD": null,
          "TIM_TIM": "0600",
          "TCK_PUB_DIV_COD": "",
          "SORT_DTE": "20240314103420",
          "USR_SNO": "23I0008881",
          "TOT_SUM": 12400,
          "TO_NAM": "원주고속",
          "RAN": 1,
          "BUS_DVS_CD": "H",
          "CAL_DTE": "202403141034",
          "CNT9": 0,
          "TAG_DVS": "",
          "DAY2": "오전",
          "CNT": 1,
          "CNT1": 1
        },
        {
          "DSC_TCK": "N",
          "CAL_DTE2": "202403310600",
          "TER_STO": "240",
          "SNCN_HCNT": 0,
          "CAR_NAM": null,
          "RTRP_SNO": "",
          "BMG_COD": "1",
          "TO_SYN_YN": "Y",
          "MRS_MRNP_NO": "20240314220485",
          "CNT2": 0,
          "TIM_DTE": "20240331",
          "TO_SYN_TER_NAM": "원주",
          "CAL_DAY": "목",
          "ADM_KND_COD": "N",
          "TER_SFR": "010",
          "ROUND_YN": "",
          "BD_COD": "1",
          "ADM_KND_NAM": "네이버페이",
          "COR_NAM": "중앙고속",
          "BD_COD_NAM": "우등고속",
          "DSPR_HCNT": 0,
          "FR_SYN_TER_NAM": null,
          "MOB_INET_DIV_COD": "",
          "LIN_SNO": "J000612553",
          "TCK_KND_COD": "M",
          "DCT_COD": "0",
          "DAY": "일",
          "COR_COD": "06",
          "TO_SYN_TER_COD": "240",
          "FR_SYN_YN": "N",
          "FR_NAM": "서울경부",
          "CNT8": 0,
          "FR_SYN_TER_COD": null,
          "TIM_TIM": "0600",
          "TCK_PUB_DIV_COD": "",
          "SORT_DTE": "20240314103420",
          "USR_SNO": "23I0008881",
          "TOT_SUM": 12400,
          "TO_NAM": "원주고속",
          "RAN": 1,
          "BUS_DVS_CD": "H",
          "CAL_DTE": "202403141034",
          "CNT9": 0,
          "TAG_DVS": "",
          "DAY2": "오전",
          "CNT": 1,
          "CNT1": 1
        },
        {
          "DSC_TCK": "N",
          "CAL_DTE2": "202403310600",
          "TER_STO": "240",
          "SNCN_HCNT": 0,
          "CAR_NAM": null,
          "RTRP_SNO": "",
          "BMG_COD": "1",
          "TO_SYN_YN": "Y",
          "MRS_MRNP_NO": "20240314220485",
          "CNT2": 0,
          "TIM_DTE": "20240331",
          "TO_SYN_TER_NAM": "원주",
          "CAL_DAY": "목",
          "ADM_KND_COD": "N",
          "TER_SFR": "010",
          "ROUND_YN": "",
          "BD_COD": "1",
          "ADM_KND_NAM": "네이버페이",
          "COR_NAM": "중앙고속",
          "BD_COD_NAM": "우등고속",
          "DSPR_HCNT": 0,
          "FR_SYN_TER_NAM": null,
          "MOB_INET_DIV_COD": "",
          "LIN_SNO": "J000612553",
          "TCK_KND_COD": "M",
          "DCT_COD": "0",
          "DAY": "일",
          "COR_COD": "06",
          "TO_SYN_TER_COD": "240",
          "FR_SYN_YN": "N",
          "FR_NAM": "서울경부",
          "CNT8": 0,
          "FR_SYN_TER_COD": null,
          "TIM_TIM": "0600",
          "TCK_PUB_DIV_COD": "",
          "SORT_DTE": "20240314103420",
          "USR_SNO": "23I0008881",
          "TOT_SUM": 12400,
          "TO_NAM": "원주고속",
          "RAN": 1,
          "BUS_DVS_CD": "H",
          "CAL_DTE": "202403141034",
          "CNT9": 0,
          "TAG_DVS": "",
          "DAY2": "오전",
          "CNT": 1,
          "CNT1": 1
        },
        {
          "DSC_TCK": "N",
          "CAL_DTE2": "202403310600",
          "TER_STO": "240",
          "SNCN_HCNT": 0,
          "CAR_NAM": null,
          "RTRP_SNO": "",
          "BMG_COD": "1",
          "TO_SYN_YN": "Y",
          "MRS_MRNP_NO": "20240314220485",
          "CNT2": 0,
          "TIM_DTE": "20240331",
          "TO_SYN_TER_NAM": "원주",
          "CAL_DAY": "목",
          "ADM_KND_COD": "N",
          "TER_SFR": "010",
          "ROUND_YN": "",
          "BD_COD": "1",
          "ADM_KND_NAM": "네이버페이",
          "COR_NAM": "중앙고속",
          "BD_COD_NAM": "우등고속",
          "DSPR_HCNT": 0,
          "FR_SYN_TER_NAM": null,
          "MOB_INET_DIV_COD": "",
          "LIN_SNO": "J000612553",
          "TCK_KND_COD": "M",
          "DCT_COD": "0",
          "DAY": "일",
          "COR_COD": "06",
          "TO_SYN_TER_COD": "240",
          "FR_SYN_YN": "N",
          "FR_NAM": "서울경부",
          "CNT8": 0,
          "FR_SYN_TER_COD": null,
          "TIM_TIM": "0600",
          "TCK_PUB_DIV_COD": "",
          "SORT_DTE": "20240314103420",
          "USR_SNO": "23I0008881",
          "TOT_SUM": 12400,
          "TO_NAM": "원주고속",
          "RAN": 1,
          "BUS_DVS_CD": "H",
          "CAL_DTE": "202403141034",
          "CNT9": 0,
          "TAG_DVS": "",
          "DAY2": "오전",
          "CNT": 1,
          "CNT1": 1
        },
        {
          "DSC_TCK": "N",
          "CAL_DTE2": "202403310600",
          "TER_STO": "240",
          "SNCN_HCNT": 0,
          "CAR_NAM": null,
          "RTRP_SNO": "",
          "BMG_COD": "1",
          "TO_SYN_YN": "Y",
          "MRS_MRNP_NO": "20240314220485",
          "CNT2": 0,
          "TIM_DTE": "20240331",
          "TO_SYN_TER_NAM": "원주",
          "CAL_DAY": "목",
          "ADM_KND_COD": "N",
          "TER_SFR": "010",
          "ROUND_YN": "",
          "BD_COD": "1",
          "ADM_KND_NAM": "네이버페이",
          "COR_NAM": "중앙고속",
          "BD_COD_NAM": "우등고속",
          "DSPR_HCNT": 0,
          "FR_SYN_TER_NAM": null,
          "MOB_INET_DIV_COD": "",
          "LIN_SNO": "J000612553",
          "TCK_KND_COD": "M",
          "DCT_COD": "0",
          "DAY": "일",
          "COR_COD": "06",
          "TO_SYN_TER_COD": "240",
          "FR_SYN_YN": "N",
          "FR_NAM": "서울경부",
          "CNT8": 0,
          "FR_SYN_TER_COD": null,
          "TIM_TIM": "0600",
          "TCK_PUB_DIV_COD": "",
          "SORT_DTE": "20240314103420",
          "USR_SNO": "23I0008881",
          "TOT_SUM": 12400,
          "TO_NAM": "원주고속",
          "RAN": 1,
          "BUS_DVS_CD": "H",
          "CAL_DTE": "202403141034",
          "CNT9": 0,
          "TAG_DVS": "",
          "DAY2": "오전",
          "CNT": 1,
          "CNT1": 1
        },
        {
          "DSC_TCK": "N",
          "CAL_DTE2": "202403310600",
          "TER_STO": "240",
          "SNCN_HCNT": 0,
          "CAR_NAM": null,
          "RTRP_SNO": "",
          "BMG_COD": "1",
          "TO_SYN_YN": "Y",
          "MRS_MRNP_NO": "20240314220485",
          "CNT2": 0,
          "TIM_DTE": "20240331",
          "TO_SYN_TER_NAM": "원주",
          "CAL_DAY": "목",
          "ADM_KND_COD": "N",
          "TER_SFR": "010",
          "ROUND_YN": "",
          "BD_COD": "1",
          "ADM_KND_NAM": "네이버페이",
          "COR_NAM": "중앙고속",
          "BD_COD_NAM": "우등고속",
          "DSPR_HCNT": 0,
          "FR_SYN_TER_NAM": null,
          "MOB_INET_DIV_COD": "",
          "LIN_SNO": "J000612553",
          "TCK_KND_COD": "M",
          "DCT_COD": "0",
          "DAY": "일",
          "COR_COD": "06",
          "TO_SYN_TER_COD": "240",
          "FR_SYN_YN": "N",
          "FR_NAM": "서울경부",
          "CNT8": 0,
          "FR_SYN_TER_COD": null,
          "TIM_TIM": "0600",
          "TCK_PUB_DIV_COD": "",
          "SORT_DTE": "20240314103420",
          "USR_SNO": "23I0008881",
          "TOT_SUM": 12400,
          "TO_NAM": "원주고속",
          "RAN": 1,
          "BUS_DVS_CD": "H",
          "CAL_DTE": "202403141034",
          "CNT9": 0,
          "TAG_DVS": "",
          "DAY2": "오전",
          "CNT": 1,
          "CNT1": 1
        },
        {
          "DSC_TCK": "N",
          "CAL_DTE2": "202403310600",
          "TER_STO": "240",
          "SNCN_HCNT": 0,
          "CAR_NAM": null,
          "RTRP_SNO": "",
          "BMG_COD": "1",
          "TO_SYN_YN": "Y",
          "MRS_MRNP_NO": "20240314220485",
          "CNT2": 0,
          "TIM_DTE": "20240331",
          "TO_SYN_TER_NAM": "원주",
          "CAL_DAY": "목",
          "ADM_KND_COD": "N",
          "TER_SFR": "010",
          "ROUND_YN": "",
          "BD_COD": "1",
          "ADM_KND_NAM": "네이버페이",
          "COR_NAM": "중앙고속",
          "BD_COD_NAM": "우등고속",
          "DSPR_HCNT": 0,
          "FR_SYN_TER_NAM": null,
          "MOB_INET_DIV_COD": "",
          "LIN_SNO": "J000612553",
          "TCK_KND_COD": "M",
          "DCT_COD": "0",
          "DAY": "일",
          "COR_COD": "06",
          "TO_SYN_TER_COD": "240",
          "FR_SYN_YN": "N",
          "FR_NAM": "서울경부",
          "CNT8": 0,
          "FR_SYN_TER_COD": null,
          "TIM_TIM": "0600",
          "TCK_PUB_DIV_COD": "",
          "SORT_DTE": "20240314103420",
          "USR_SNO": "23I0008881",
          "TOT_SUM": 12400,
          "TO_NAM": "원주고속",
          "RAN": 1,
          "BUS_DVS_CD": "H",
          "CAL_DTE": "202403141034",
          "CNT9": 0,
          "TAG_DVS": "",
          "DAY2": "오전",
          "CNT": 1,
          "CNT1": 1
        },
        {
          "DSC_TCK": "N",
          "CAL_DTE2": "202403310600",
          "TER_STO": "240",
          "SNCN_HCNT": 0,
          "CAR_NAM": null,
          "RTRP_SNO": "",
          "BMG_COD": "1",
          "TO_SYN_YN": "Y",
          "MRS_MRNP_NO": "20240314220485",
          "CNT2": 0,
          "TIM_DTE": "20240331",
          "TO_SYN_TER_NAM": "원주",
          "CAL_DAY": "목",
          "ADM_KND_COD": "N",
          "TER_SFR": "010",
          "ROUND_YN": "",
          "BD_COD": "1",
          "ADM_KND_NAM": "네이버페이",
          "COR_NAM": "중앙고속",
          "BD_COD_NAM": "우등고속",
          "DSPR_HCNT": 0,
          "FR_SYN_TER_NAM": null,
          "MOB_INET_DIV_COD": "",
          "LIN_SNO": "J000612553",
          "TCK_KND_COD": "M",
          "DCT_COD": "0",
          "DAY": "일",
          "COR_COD": "06",
          "TO_SYN_TER_COD": "240",
          "FR_SYN_YN": "N",
          "FR_NAM": "서울경부",
          "CNT8": 0,
          "FR_SYN_TER_COD": null,
          "TIM_TIM": "0600",
          "TCK_PUB_DIV_COD": "",
          "SORT_DTE": "20240314103420",
          "USR_SNO": "23I0008881",
          "TOT_SUM": 12400,
          "TO_NAM": "원주고속",
          "RAN": 1,
          "BUS_DVS_CD": "H",
          "CAL_DTE": "202403141034",
          "CNT9": 0,
          "TAG_DVS": "",
          "DAY2": "오전",
          "CNT": 1,
          "CNT1": 1
        },
        {
          "DSC_TCK": "N",
          "CAL_DTE2": "202403310600",
          "TER_STO": "240",
          "SNCN_HCNT": 0,
          "CAR_NAM": null,
          "RTRP_SNO": "",
          "BMG_COD": "1",
          "TO_SYN_YN": "Y",
          "MRS_MRNP_NO": "20240314220485",
          "CNT2": 0,
          "TIM_DTE": "20240331",
          "TO_SYN_TER_NAM": "원주",
          "CAL_DAY": "목",
          "ADM_KND_COD": "N",
          "TER_SFR": "010",
          "ROUND_YN": "",
          "BD_COD": "1",
          "ADM_KND_NAM": "네이버페이",
          "COR_NAM": "중앙고속",
          "BD_COD_NAM": "우등고속",
          "DSPR_HCNT": 0,
          "FR_SYN_TER_NAM": null,
          "MOB_INET_DIV_COD": "",
          "LIN_SNO": "J000612553",
          "TCK_KND_COD": "M",
          "DCT_COD": "0",
          "DAY": "일",
          "COR_COD": "06",
          "TO_SYN_TER_COD": "240",
          "FR_SYN_YN": "N",
          "FR_NAM": "서울경부",
          "CNT8": 0,
          "FR_SYN_TER_COD": null,
          "TIM_TIM": "0600",
          "TCK_PUB_DIV_COD": "",
          "SORT_DTE": "20240314103420",
          "USR_SNO": "23I0008881",
          "TOT_SUM": 12400,
          "TO_NAM": "원주고속",
          "RAN": 1,
          "BUS_DVS_CD": "H",
          "CAL_DTE": "202403141034",
          "CNT9": 0,
          "TAG_DVS": "",
          "DAY2": "오전",
          "CNT": 1,
          "CNT1": 1
        },
        {
          "DSC_TCK": "N",
          "CAL_DTE2": "202403310600",
          "TER_STO": "240",
          "SNCN_HCNT": 0,
          "CAR_NAM": null,
          "RTRP_SNO": "",
          "BMG_COD": "1",
          "TO_SYN_YN": "Y",
          "MRS_MRNP_NO": "20240314220485",
          "CNT2": 0,
          "TIM_DTE": "20240331",
          "TO_SYN_TER_NAM": "원주",
          "CAL_DAY": "목",
          "ADM_KND_COD": "N",
          "TER_SFR": "010",
          "ROUND_YN": "",
          "BD_COD": "1",
          "ADM_KND_NAM": "네이버페이",
          "COR_NAM": "중앙고속",
          "BD_COD_NAM": "우등고속",
          "DSPR_HCNT": 0,
          "FR_SYN_TER_NAM": null,
          "MOB_INET_DIV_COD": "",
          "LIN_SNO": "J000612553",
          "TCK_KND_COD": "M",
          "DCT_COD": "0",
          "DAY": "일",
          "COR_COD": "06",
          "TO_SYN_TER_COD": "240",
          "FR_SYN_YN": "N",
          "FR_NAM": "서울경부",
          "CNT8": 0,
          "FR_SYN_TER_COD": null,
          "TIM_TIM": "0600",
          "TCK_PUB_DIV_COD": "",
          "SORT_DTE": "20240314103420",
          "USR_SNO": "23I0008881",
          "TOT_SUM": 12400,
          "TO_NAM": "원주고속",
          "RAN": 1,
          "BUS_DVS_CD": "H",
          "CAL_DTE": "202403141034",
          "CNT9": 0,
          "TAG_DVS": "",
          "DAY2": "오전",
          "CNT": 1,
          "CNT1": 1
        },
        {
          "DSC_TCK": "N",
          "CAL_DTE2": "202403310600",
          "TER_STO": "240",
          "SNCN_HCNT": 0,
          "CAR_NAM": null,
          "RTRP_SNO": "",
          "BMG_COD": "1",
          "TO_SYN_YN": "Y",
          "MRS_MRNP_NO": "20240314220485",
          "CNT2": 0,
          "TIM_DTE": "20240331",
          "TO_SYN_TER_NAM": "원주",
          "CAL_DAY": "목",
          "ADM_KND_COD": "N",
          "TER_SFR": "010",
          "ROUND_YN": "",
          "BD_COD": "1",
          "ADM_KND_NAM": "네이버페이",
          "COR_NAM": "중앙고속",
          "BD_COD_NAM": "우등고속",
          "DSPR_HCNT": 0,
          "FR_SYN_TER_NAM": null,
          "MOB_INET_DIV_COD": "",
          "LIN_SNO": "J000612553",
          "TCK_KND_COD": "M",
          "DCT_COD": "0",
          "DAY": "일",
          "COR_COD": "06",
          "TO_SYN_TER_COD": "240",
          "FR_SYN_YN": "N",
          "FR_NAM": "서울경부",
          "CNT8": 0,
          "FR_SYN_TER_COD": null,
          "TIM_TIM": "0600",
          "TCK_PUB_DIV_COD": "",
          "SORT_DTE": "20240314103420",
          "USR_SNO": "23I0008881",
          "TOT_SUM": 12400,
          "TO_NAM": "원주고속",
          "RAN": 1,
          "BUS_DVS_CD": "H",
          "CAL_DTE": "202403141034",
          "CNT9": 0,
          "TAG_DVS": "",
          "DAY2": "오전",
          "CNT": 1,
          "CNT1": 1
        },
        {
          "DSC_TCK": "N",
          "CAL_DTE2": "202402290600",
          "TER_STO": "310",
          "SNCN_HCNT": 0,
          "CAR_NAM": "우리카드",
          "RTRP_SNO": "",
          "BMG_COD": "1",
          "TO_SYN_YN": "N",
          "MRS_MRNP_NO": "20240208219228",
          "CNT2": 0,
          "TIM_DTE": "20240229",
          "TO_SYN_TER_NAM": null,
          "CAL_DAY": "목",
          "ADM_KND_COD": "1",
          "TER_SFR": "010",
          "ROUND_YN": "",
          "BD_COD": "2",
          "ADM_KND_NAM": "신용카드",
          "COR_NAM": "동양고속",
          "BD_COD_NAM": "일반고속",
          "DSPR_HCNT": 0,
          "FR_SYN_TER_NAM": null,
          "MOB_INET_DIV_COD": "",
          "LIN_SNO": "J206738136",
          "TCK_KND_COD": "M",
          "DCT_COD": "0",
          "DAY": "목",
          "COR_COD": "03",
          "TO_SYN_TER_COD": null,
          "FR_SYN_YN": "N",
          "FR_NAM": "서울경부",
          "CNT8": 0,
          "FR_SYN_TER_COD": null,
          "TIM_TIM": "0600",
          "TCK_PUB_DIV_COD": "",
          "SORT_DTE": "20240208112828",
          "USR_SNO": "23I0008881",
          "TOT_SUM": 6800,
          "TO_NAM": "천안고속",
          "RAN": 1,
          "BUS_DVS_CD": "H",
          "CAL_DTE": "202402081128",
          "CNT9": 0,
          "TAG_DVS": "",
          "DAY2": "오전",
          "CNT": 1,
          "CNT1": 1
        },
        {
          "CAL_DTE2": "202402280710",
          "TER_STO": "2638201",
          "RTRP_SNO": " ",
          "CAR_NAM": "우리카드",
          "SNCN_HCNT": "",
          "BMG_COD": "4",
          "dsc_tck": "",
          "TO_SYN_YN": "Y",
          "MRS_MRNP_NO": "",
          "CNT2": 0,
          "TIM_DTE": "20240228",
          "TO_SYN_TER_NAM": "원주",
          "CAL_DAY": "금",
          "ADM_KND_COD": "1",
          "TER_SFR": "0511601",
          "ROUND_YN": "N",
          "BD_COD": "IDG",
          "ADM_KND_NAM": "",
          "COR_NAM": "경기고속",
          "BD_COD_NAM": "일반",
          "DSPR_HCNT": "",
          "FR_SYN_TER_NAM": "동서울",
          "MOB_INET_DIV_COD": "M",
          "LIN_SNO": "L240208113240185123I0008881",
          "TCK_KND_COD": "",
          "DCT_COD": "",
          "DAY": "수",
          "COR_COD": "C009",
          "TO_SYN_TER_COD": "240",
          "FR_SYN_YN": "Y",
          "FR_NAM": "동서울",
          "CNT8": 0,
          "FR_SYN_TER_COD": "032",
          "TIM_TIM": "0710",
          "TCK_PUB_DIV_COD": "T",
          "SORT_DTE": "20240216163714",
          "USR_SNO": "23I0008881",
          "TOT_SUM": 7700,
          "TO_NAM": "원주",
          "TAG_DVS": "I",
          "RAN": 1,
          "CAL_DTE": "202402161637",
          "CNT9": 0,
          "BUS_DVS_CD": "C",
          "DAY2": "오전",
          "DEPR_TIME_PRIN_YN": "Y",
          "CNT": 1,
          "CNT1": 0
        }
      ]
    },
    "errMsg": ""
  }
}