{
  "couponList" : {
    "rstCd": "200",
    "dta": {
      "issuCpnList": [
        {
          "cpnDfntSno": "CDCL2024041600001083",
          "cpnTypCd": "C",
          "cpnTypNm": "조건",
          "cpnNm": "렌터카 테스트 쿠폰23(조건키 3만원)",
          "utlzSvcDvsCd": "L",
          "utlzSvcDvsNm": "렌터카",
          "issuSttDtm": "20240416000000",
          "issuEndDtm": "20240531235959",
          "useSttDtm": "20240416000000",
          "useEndDtm": "20240630235959",
          "usePsbDno": 0,
          "useWkdyVal": "2345671",
          "useTimeStr": "000000-240000",
          "dcKndCd": "DA",
          "dcRt": 50,
          "dcAmt": 30000,
          "maxDcAmt": 40000,
          "minPymAmt": 0,
          "dcCtt": "30,000원 할인",
          "crpcId": "",
          "crpcNm": "",
          "cndtUseYn": "Y",
          "cndtKeyVal": "isJejuRequest=Y",
          "cndtCtt": "제주도 한정",
          "giftPsbYn": "Y",
          "cpnImgVal": "10",
          "cpnImgPath": "/resources/images/cpn/10_cpn_bg_congratulate.png",
          "adptSvcVal": "L",
          "adptSvcCdList": [
            "L"
          ],
          "adptSvcNmList": [
            "렌터카"
          ]
        },
        {
          "cpnDfntSno": "CDCA2024041600001082",
          "cpnTypCd": "C",
          "cpnTypNm": "조건",
          "cpnNm": "렌터카 테스트 쿠폰22(조건키 50프로)",
          "utlzSvcDvsCd": "L",
          "utlzSvcDvsNm": "렌터카",
          "issuSttDtm": "20240416000000",
          "issuEndDtm": "20240531235959",
          "useSttDtm": "20240416000000",
          "useEndDtm": "20240630235959",
          "usePsbDno": 0,
          "useWkdyVal": "2345671",
          "useTimeStr": "000000-240000",
          "dcKndCd": "DR",
          "dcRt": 50,
          "dcAmt": "",
          "maxDcAmt": 40000,
          "minPymAmt": "",
          "dcCtt": "50%할인(최대 40,000원)",
          "crpcId": "",
          "crpcNm": "",
          "cndtUseYn": "Y",
          "cndtKeyVal": "isJejuRequest=Y",
          "cndtCtt": "제주도 한정",
          "giftPsbYn": "Y",
          "cpnImgVal": "10",
          "cpnImgPath": "/resources/images/cpn/10_cpn_bg_congratulate.png",
          "adptSvcVal": "L",
          "adptSvcCdList": [
            "L"
          ],
          "adptSvcNmList": [
            "렌터카"
          ]
        },
        {
          "cpnDfntSno": "CDOA2024041600001081",
          "cpnTypCd": "C",
          "cpnTypNm": "조건",
          "cpnNm": "렌터카 테스트 쿠폰21(조건키 50프로)",
          "utlzSvcDvsCd": "L",
          "utlzSvcDvsNm": "렌터카",
          "issuSttDtm": "20240416000000",
          "issuEndDtm": "20240531235959",
          "useSttDtm": "20240416000000",
          "useEndDtm": "20240630235959",
          "usePsbDno": 0,
          "useWkdyVal": "2345671",
          "useTimeStr": "000000-240000",
          "dcKndCd": "DR",
          "dcRt": 50,
          "dcAmt": "",
          "maxDcAmt": 20000,
          "minPymAmt": "",
          "dcCtt": "50%할인(최대 20,000원)",
          "crpcId": "",
          "crpcNm": "",
          "cndtUseYn": "Y",
          "cndtKeyVal": "isJejuRequest=Y",
          "cndtCtt": "제주도 한정",
          "giftPsbYn": "Y",
          "cpnImgVal": "10",
          "cpnImgPath": "/resources/images/cpn/10_cpn_bg_congratulate.png",
          "adptSvcVal": "L",
          "adptSvcCdList": [
            "L"
          ],
          "adptSvcNmList": [
            "렌터카"
          ]
        },
        {
          "cpnDfntSno": "CDOA2024040400001051",
          "cpnTypCd": "O",
          "cpnTypNm": "일반",
          "cpnNm": "일레클 전용 쿠폰 TEST",
          "utlzSvcDvsCd": "X",
          "utlzSvcDvsNm": "씽씽",
          "issuSttDtm": "20230821000000",
          "issuEndDtm": "20241231235959",
          "useSttDtm": "20230821000000",
          "useEndDtm": "20241231235959",
          "usePsbDno": 0,
          "useWkdyVal": "2345671",
          "useTimeStr": "000000-240000",
          "dcKndCd": "DA",
          "dcRt": "",
          "dcAmt": 100,
          "maxDcAmt": "",
          "minPymAmt": 0,
          "dcCtt": "100원 할인",
          "crpcId": "",
          "crpcNm": "",
          "cndtUseYn": "N",
          "cndtKeyVal": "",
          "cndtCtt": "",
          "giftPsbYn": "Y",
          "cpnImgVal": "",
          "cpnImgPath": "",
          "adptSvcVal": "XJ",
          "adptSvcCdList": [
            "X",
            "J"
          ],
          "adptSvcNmList": [
            "씽씽(킥보드)",
            "쏘카일레클(자전거)"
          ]
        },
        {
          "cpnDfntSno": "CDOFD202404020001048",
          "cpnTypCd": "O",
          "cpnTypNm": "일반",
          "cpnNm": "[타다, I.M] 티머니GO 택시(타다, I.M) 쿠폰",
          "utlzSvcDvsCd": "FD",
          "utlzSvcDvsNm": "타다",
          "issuSttDtm": "20240402000000",
          "issuEndDtm": "20240430235959",
          "useSttDtm": "20240402000000",
          "useEndDtm": "20240430235959",
          "usePsbDno": 0,
          "useWkdyVal": "2345671",
          "useTimeStr": "000000-240000",
          "dcKndCd": "DA",
          "dcRt": "",
          "dcAmt": 500,
          "maxDcAmt": "",
          "minPymAmt": 0,
          "dcCtt": "500원 할인",
          "crpcId": "",
          "crpcNm": "",
          "cndtUseYn": "N",
          "cndtKeyVal": "",
          "cndtCtt": "",
          "giftPsbYn": "Y",
          "cpnImgVal": "",
          "cpnImgPath": "",
          "adptSvcVal": "FCFD",
          "adptSvcCdList": [
            "FC",
            "FD"
          ],
          "adptSvcNmList": [
            "i.M 택시",
            "타다 택시"
          ]
        },
        {
          "cpnDfntSno": "CDOO2024040200001047",
          "cpnTypCd": "O",
          "cpnTypNm": "일반",
          "cpnNm": "[택시] 티머니GO 택시(택시  ALL) 쿠폰",
          "utlzSvcDvsCd": "O",
          "utlzSvcDvsNm": "온다택시",
          "issuSttDtm": "20240402000000",
          "issuEndDtm": "20240430235959",
          "useSttDtm": "20240402000000",
          "useEndDtm": "20240430235959",
          "usePsbDno": 0,
          "useWkdyVal": "2345671",
          "useTimeStr": "000000-240000",
          "dcKndCd": "DA",
          "dcRt": "",
          "dcAmt": 500,
          "maxDcAmt": "",
          "minPymAmt": 0,
          "dcCtt": "500원 할인",
          "crpcId": "",
          "crpcNm": "",
          "cndtUseYn": "N",
          "cndtKeyVal": "",
          "cndtCtt": "",
          "giftPsbYn": "Y",
          "cpnImgVal": "",
          "cpnImgPath": "",
          "adptSvcVal": "OFCFD",
          "adptSvcCdList": [
            "O",
            "FC",
            "FD"
          ],
          "adptSvcNmList": [
            "온다 택시",
            "i.M 택시",
            "타다 택시"
          ]
        },
        {
          "cpnDfntSno": "CDOFC202404020001045",
          "cpnTypCd": "O",
          "cpnTypNm": "일반",
          "cpnNm": "[I.M] 티머니GO 택시(IM Only) 쿠폰",
          "utlzSvcDvsCd": "FC",
          "utlzSvcDvsNm": "IM",
          "issuSttDtm": "20240402000000",
          "issuEndDtm": "20240430235959",
          "useSttDtm": "20240402000000",
          "useEndDtm": "20240430235959",
          "usePsbDno": 0,
          "useWkdyVal": "2345671",
          "useTimeStr": "000000-240000",
          "dcKndCd": "DA",
          "dcRt": "",
          "dcAmt": 500,
          "maxDcAmt": "",
          "minPymAmt": 0,
          "dcCtt": "500원 할인",
          "crpcId": "",
          "crpcNm": "",
          "cndtUseYn": "N",
          "cndtKeyVal": "",
          "cndtCtt": "",
          "giftPsbYn": "Y",
          "cpnImgVal": "",
          "cpnImgPath": "",
          "adptSvcVal": "FC",
          "adptSvcCdList": [
            "FC"
          ],
          "adptSvcNmList": [
            "i.M 택시"
          ]
        },
        {
          "cpnDfntSno": "CDOO2024040200001041",
          "cpnTypCd": "O",
          "cpnTypNm": "일반",
          "cpnNm": "[온다] 티머니GO 택시(onda Only) 쿠폰",
          "utlzSvcDvsCd": "O",
          "utlzSvcDvsNm": "온다택시",
          "issuSttDtm": "20240402000000",
          "issuEndDtm": "20240430235959",
          "useSttDtm": "20240402000000",
          "useEndDtm": "20240430235959",
          "usePsbDno": 0,
          "useWkdyVal": "2345671",
          "useTimeStr": "000000-240000",
          "dcKndCd": "DA",
          "dcRt": "",
          "dcAmt": 500,
          "maxDcAmt": "",
          "minPymAmt": 0,
          "dcCtt": "500원 할인",
          "crpcId": "",
          "crpcNm": "",
          "cndtUseYn": "N",
          "cndtKeyVal": "",
          "cndtCtt": "",
          "giftPsbYn": "Y",
          "cpnImgVal": "",
          "cpnImgPath": "",
          "adptSvcVal": "O",
          "adptSvcCdList": [
            "O"
          ],
          "adptSvcNmList": [
            "온다 택시"
          ]
        },
        {
          "cpnDfntSno": "CDCL2023120500000952",
          "cpnTypCd": "C",
          "cpnTypNm": "조건",
          "cpnNm": "렌터카 테스트 쿠폰20(조건키 쿠폰12)",
          "utlzSvcDvsCd": "L",
          "utlzSvcDvsNm": "렌터카",
          "issuSttDtm": "20231127000000",
          "issuEndDtm": "20241231235959",
          "useSttDtm": "20231101000000",
          "useEndDtm": "20251231235959",
          "usePsbDno": 0,
          "useWkdyVal": "2345671",
          "useTimeStr": "000000-240000",
          "dcKndCd": "DA",
          "dcRt": "",
          "dcAmt": 10000,
          "maxDcAmt": "",
          "minPymAmt": 20000,
          "dcCtt": "10,000원 할인(최소결제 20,000원)",
          "crpcId": "",
          "crpcNm": "",
          "cndtUseYn": "Y",
          "cndtKeyVal": "vhclKndCd=001&fuelTpCd=gasoline",
          "cndtCtt": "승용차, 지역데이터 없음, 가솔린",
          "giftPsbYn": "Y",
          "cpnImgVal": "01",
          "cpnImgPath": "/resources/images/cpn/01_cpn_bg_spring.png",
          "adptSvcVal": "L",
          "adptSvcCdList": [
            "L"
          ],
          "adptSvcNmList": [
            "렌터카"
          ]
        },
        {
          "cpnDfntSno": "CDCL2023120500000951",
          "cpnTypCd": "C",
          "cpnTypNm": "조건",
          "cpnNm": "렌터카 테스트 쿠폰19(조건키 쿠폰11)",
          "utlzSvcDvsCd": "L",
          "utlzSvcDvsNm": "렌터카",
          "issuSttDtm": "20231127000000",
          "issuEndDtm": "20241231235959",
          "useSttDtm": "20231101000000",
          "useEndDtm": "20251231235959",
          "usePsbDno": 0,
          "useWkdyVal": "2345671",
          "useTimeStr": "000000-240000",
          "dcKndCd": "DA",
          "dcRt": "",
          "dcAmt": 10000,
          "maxDcAmt": "",
          "minPymAmt": 20000,
          "dcCtt": "10,000원 할인(최소결제 20,000원)",
          "crpcId": "",
          "crpcNm": "",
          "cndtUseYn": "Y",
          "cndtKeyVal": "null",
          "cndtCtt": "키 데이터 결함",
          "giftPsbYn": "Y",
          "cpnImgVal": "",
          "cpnImgPath": "",
          "adptSvcVal": "L",
          "adptSvcCdList": [
            "L"
          ],
          "adptSvcNmList": [
            "렌터카"
          ]
        },
        {
          "cpnDfntSno": "CDCL2023120500000950",
          "cpnTypCd": "C",
          "cpnTypNm": "조건",
          "cpnNm": "렌터카 테스트 쿠폰18(조건키 쿠폰10)",
          "utlzSvcDvsCd": "L",
          "utlzSvcDvsNm": "렌터카",
          "issuSttDtm": "20231127000000",
          "issuEndDtm": "20241231235959",
          "useSttDtm": "20231101000000",
          "useEndDtm": "20251231235959",
          "usePsbDno": 0,
          "useWkdyVal": "2345671",
          "useTimeStr": "000000-240000",
          "dcKndCd": "DA",
          "dcRt": "",
          "dcAmt": 10000,
          "maxDcAmt": "",
          "minPymAmt": 20000,
          "dcCtt": "10,000원 할인(최소결제 20,000원)",
          "crpcId": "",
          "crpcNm": "",
          "cndtUseYn": "Y",
          "cndtKeyVal": "vhclKndCd=&isJejuRequest=Y&fuelTpCd=gasoline",
          "cndtCtt": "차종무관, 제주, 가솔린",
          "giftPsbYn": "Y",
          "cpnImgVal": "",
          "cpnImgPath": "",
          "adptSvcVal": "L",
          "adptSvcCdList": [
            "L"
          ],
          "adptSvcNmList": [
            "렌터카"
          ]
        },
        {
          "cpnDfntSno": "CDOA2023082100000861",
          "cpnTypCd": "O",
          "cpnTypNm": "일반",
          "cpnNm": "전체쿠폰(신규PM+택시 대상)",
          "utlzSvcDvsCd": "A",
          "utlzSvcDvsNm": "전체",
          "issuSttDtm": "20230821000000",
          "issuEndDtm": "20241231235959",
          "useSttDtm": "20230821000000",
          "useEndDtm": "20241231235959",
          "usePsbDno": 0,
          "useWkdyVal": "2345671",
          "useTimeStr": "000000-240000",
          "dcKndCd": "DA",
          "dcRt": 20,
          "dcAmt": 250,
          "maxDcAmt": 5000,
          "minPymAmt": 0,
          "dcCtt": "250원 할인",
          "crpcId": "",
          "crpcNm": "",
          "cndtUseYn": "N",
          "cndtKeyVal": "",
          "cndtCtt": "",
          "giftPsbYn": "Y",
          "cpnImgVal": "",
          "cpnImgPath": "",
          "adptSvcVal": "DFCFD",
          "adptSvcCdList": [
            "D",
            "FC",
            "FD"
          ],
          "adptSvcNmList": [
            "타슈",
            "i.M 택시",
            "타다 택시"
          ]
        }
      ],
      "psnCpnList": [
        {
          "cpnDfntSno": "CDOA2023082100000861",
          "cpnSno": "CPOA2023082100015201",
          "cpnTypCd": "O",
          "cpnTypNm": "일반",
          "cpnNm": "전체쿠폰(신규PM+택시 대상)",
          "cpnStaCd": "I",
          "cpnStaNm": "발급",
          "utlzSvcDvsCd": "A",
          "utlzSvcDvsNm": "전체",
          "issuSttDtm": "20230821000000",
          "issuEndDtm": "20241231235959",
          "useSttDtm": "20230821000000",
          "useEndDtm": "20241231235959",
          "useWkdyVal": "2345671",
          "useTimeStr": "000000-240000",
          "dcKndCd": "DA",
          "dcRt": 20,
          "dcAmt": 250,
          "maxDcAmt": 5000,
          "minPymAmt": 0,
          "dcCtt": "250원 할인",
          "issuSbjcCd": "G",
          "crpcId": "",
          "crpcNm": "",
          "cndtUseYn": "N",
          "cndtKeyVal": "",
          "cndtCtt": "",
          "giftPsbYn": "N",
          "cpnImgVal": "",
          "cpnImgPath": "",
          "goCpnYn": "Y",
          "dcTgt": "USEFEE",
          "rmnDtStr": "253일 남음",
          "adptSvcVal": "DFCFD",
          "adptSvcCdList": [
            "D",
            "FC",
            "FD"
          ],
          "adptSvcNmList": [
            "타슈",
            "i.M 택시",
            "타다 택시"
          ]
        },
        {
          "cpnDfntSno": "CDOA2023082100000861",
          "cpnSno": "CPOA2023082100015202",
          "cpnTypCd": "O",
          "cpnTypNm": "일반",
          "cpnNm": "전체쿠폰(신규PM+택시 대상)",
          "cpnStaCd": "I",
          "cpnStaNm": "발급",
          "utlzSvcDvsCd": "A",
          "utlzSvcDvsNm": "전체",
          "issuSttDtm": "20230821000000",
          "issuEndDtm": "20241231235959",
          "useSttDtm": "20230821000000",
          "useEndDtm": "20241231235959",
          "useWkdyVal": "2345671",
          "useTimeStr": "000000-240000",
          "dcKndCd": "DA",
          "dcRt": 20,
          "dcAmt": 250,
          "maxDcAmt": 5000,
          "minPymAmt": 0,
          "dcCtt": "250원 할인",
          "issuSbjcCd": "U",
          "crpcId": "",
          "crpcNm": "",
          "cndtUseYn": "N",
          "cndtKeyVal": "",
          "cndtCtt": "",
          "giftPsbYn": "Y",
          "cpnImgVal": "",
          "cpnImgPath": "",
          "goCpnYn": "Y",
          "dcTgt": "USEFEE",
          "rmnDtStr": "253일 남음",
          "adptSvcVal": "DFCFD",
          "adptSvcCdList": [
            "D",
            "FC",
            "FD"
          ],
          "adptSvcNmList": [
            "타슈",
            "i.M 택시",
            "타다 택시"
          ]
        }
      ]
    },
    "errMsg": ""
  },
  "pastCouponList" : {
    "rstCd": "200",
    "dta": {
      "psnCpnList": [
        {
          "cpnDfntSno": "CDGH2021090100000065",
          "cpnSno": "CPGH2021090100000169",
          "cpnTypCd": "G",
          "cpnTypNm": "등급",
          "cpnNm": "[등급쿠폰]고속버스 이용하세요",
          "cpnStaCd": "I",
          "cpnStaNm": "발급",
          "utlzSvcDvsCd": "H",
          "utlzSvcDvsNm": "고속버스",
          "issuSttDtm": "20210901000000",
          "issuEndDtm": "20211231235959",
          "useSttDtm": "20210901000000",
          "useEndDtm": "20211231235959",
          "useWkdyVal": "1234567",
          "useTimeStr": "000000-240000",
          "dcKndCd": "DR",
          "dcRt": 10,
          "dcAmt": "",
          "maxDcAmt": 10000,
          "minPymAmt": "",
          "dcCtt": "10%할인(최대10,000원)",
          "issuSbjcCd": "U",
          "crpcId": "374|HNC",
          "crpcNm": "하나SK카드",
          "cndtUseYn": "N",
          "cndtKeyVal": "",
          "cndtCtt": "",
          "giftPsbYn": "Y",
          "cpnImgVal": "",
          "cpnImgPath": "" ,
          "adptSvcVal": "TX",
          "adptSvcCdList": [
            "T",
            "X"
          ],
          "adptSvcNmList": [
            "따릉이",
            "씽씽"
          ]

        },
        {
          "cpnDfntSno": "CDOA2023082100000861",
          "cpnSno": "CPOA2023082100015199",
          "cpnTypCd": "O",
          "cpnTypNm": "일반",
          "cpnNm": "전체쿠폰(신규PM+택시 대상)",
          "cpnStaCd": "G",
          "cpnStaNm": "선물",
          "utlzSvcDvsCd": "A",
          "utlzSvcDvsNm": "전체",
          "issuSttDtm": "20230821000000",
          "issuEndDtm": "20241231235959",
          "useSttDtm": "20230821000000",
          "useEndDtm": "20241231235959",
          "useWkdyVal": "2345671",
          "useTimeStr": "000000-240000",
          "dcKndCd": "DA",
          "dcRt": 20,
          "dcAmt": 250,
          "maxDcAmt": 5000,
          "minPymAmt": 0,
          "dcCtt": "250원 할인",
          "issuSbjcCd": "U",
          "crpcId": "",
          "crpcNm": "",
          "cndtUseYn": "N",
          "cndtKeyVal": "",
          "cndtCtt": "",
          "giftPsbYn": "Y",
          "cpnImgVal": "",
          "cpnImgPath": "",
          "adptSvcVal": "DFCFD",
          "adptSvcCdList": [
            "D",
            "FC",
            "FD"
          ],
          "adptSvcNmList": [
            "타슈",
            "i.M 택시",
            "타다 택시"
          ]
        }

      ]
    },
    "errMsg": ""
  },
  "reqUseCpnVldVrfc": {
    "rstCd": "200",
    "dta": {
      "rspMsg": "정상검증",
      "rspCd": "0000",
      "cpnUsePsbYn": "Y"
    },
    "errMsg": ""
  },
  "inqrPsnCpnListBySvc" : {
    "rstCd": "200",
    "dta": {
        "issuCpnList": [
            {
                "cpnDfntSno": "CDOA2023082100000861",
                "cpnSno": "",
                "cpnTypCd": "O",
                "cpnTypNm": "일반",
                "cpnNm": "전체쿠폰(신규PM+택시 대상)",
                "utlzSvcDvsCd": "A",
                "utlzSvcDvsNm": "전체",
                "issuSttDtm": "20230821000000",
                "issuEndDtm": "20241231235959",
                "useSttDtm": "20230821000000",
                "useEndDtm": "20241231235959",
                "usePsbDno": 0,
                "useWkdyVal": "2345671",
                "useTimeStr": "000000-240000",
                "dcKndCd": "DA",
                "dcRt": 20,
                "dcAmt": 250,
                "maxDcAmt": 5000,
                "minPymAmt": 0,
                "dcCtt": "250원 할인",
                "crpcId": "",
                "crpcNm": "",
                "cndtUseYn": "Y",
                "cndtKeyVal": "prdCtgCd=TAA000|TAB000|TAC000&prdThmCd=TAA001|TAA002|TAB003|TAC004&busCacmCd=T010|T020&trvlRotId=TPO001|TP005",
                "cndtCtt": "",
                "giftPsbYn": "Y",
                "cpnImgVal": "",
                "cpnImgPath": "",
                "goCpnYn": "Y",
                "dcTgt": "USEFEE",
                "adptSvcVal": "DFCFD"
            }
        ],
        "psnCpnList": [
            {
                "cpnDfntSno": "CDOA2023082100000861",
                "cpnSno": "CPOA2023082100015383",
                "cpnTypCd": "O",
                "cpnTypNm": "일반",
                "cpnNm": "전체쿠폰(신규PM+택시 대상)",
                "cpnStaCd": "I",
                "cpnStaNm": "발급",
                "utlzSvcDvsCd": "A",
                "utlzSvcDvsNm": "전체",
                "issuSttDtm": "20230821000000",
                "issuEndDtm": "20241231235959",
                "useSttDtm": "20230821000000",
                "useEndDtm": "20241231235959",
                "useWkdyVal": "2345671",
                "useTimeStr": "000000-240000",
                "dcKndCd": "DA",
                "dcRt": 20,
                "dcAmt": 250,
                "maxDcAmt": 5000,
                "minPymAmt": 0,
                "dcCtt": "250원 할인",
                "issuSbjcCd": "U",
                "crpcId": "",
                "crpcNm": "",
                "cndtUseYn": "N",
                "cndtKeyVal": "",
                "cndtCtt": "",
                "giftPsbYn": "Y",
                "cpnImgVal": "",
                "cpnImgPath": "",
                "goCpnYn": "Y",
                "dcTgt": "USEFEE",
                "rmnDtStr": "231일 남음",
                "adptSvcVal": "DFCFD"
            }
        ]
    },
    "errMsg": ""
  },
  "cpnDtlInfo": {
    "rstCd": "200",
    "dta": {
      "rstCd": "0000",
      "rstMsg": "정상조회 ",
      "cpnDtlInfo": {
        "cpnDfntSno": "CDOA2023082100000861",
        "cpnSno": "CPOA2023082100015383",
        "cpnTypCd": "O",
        "cpnTypNm": "일반",
        "cpnNm": "전체쿠폰(신규PM+택시 대상)",
        "cpnStaCd": "I",
        "cpnStaNm": "발급",
        "utlzSvcDvsCd": "A",
        "utlzSvcDvsNm": "전체",
        "issuSttDtm": "20230821000000",
        "issuEndDtm": "20241231235959",
        "useSttDtm": "20230821000000",
        "useEndDtm": "20241231235959",
        "useWkdyVal": "2345671",
        "useTimeStr": "000000-240000",
        "dcKndCd": "DA",
        "dcRt": 20,
        "dcAmt": 250,
        "maxDcAmt": 5000,
        "minPymAmt": 0,
        "dcCtt": "250원 할인",
        "issuSbjcCd": "U",
        "crpcId": "",
        "crpcNm": "",
        "cndtUseYn": "N",
        "cndtKeyVal": "",
        "cndtCtt": "",
        "giftPsbYn": "Y",
        "cpnImgVal": "",
        "cpnImgPath": "",
        "adptSvcVal": "DFCFD",
        "adptSvcCdList": [
          "D",
          "FC",
          "FD"
        ],
        "adptSvcNmList": [
          "타슈",
          "i.M 택시",
          "타다 택시"
        ]
      }
    },
    "errMsg": ""
  },
  "reqCpnIssu": {
    "rstCd": "200",
    "dta": {
      "cpnSno":"CPOC2021071600000061",
      "rspMsg": "정상발급",
      "rspCd": "0000"
  },
    "errMsg": ""
  },
  "reqTrvlCpnVrfc":{
    "rstCd": 200,
    "err_cod": "00000",
    "err_msg": "",
    "dta": {
      "rspMsg": "정상검증",
      "rspCd": "0000",
      "cpnUsePsbYn": "Y"
    }
  }
}