{
  "notificationList": {
    "rstCd": "200",
    "dta": {
      "msg": "알림 리스트 조회에 성공하였습니다.",
      "okHttpResponseCode": "200",
      "rspMsg": "정상",
      "ntfcList": [
        {
          "ntfcSno": "202405072020240507152013580029",
          "appNtfcDvsCd": "S",
          "mndtNtcMttrYn": "N",
          "ntfcTtlNm": "티머니GO 유형배지 획득!",
          "ntfcBody": "(광고) 지금 바로 유형배지를 확인해 보세요!\r\n(수신거부:더보기>앱설정>PUSH)",
          "lckMvmnVal": "tmoneytia://web?in=https://tiaapid.tmoney.co.kr:20328/webview/mui/v2/inqrMyBadgeInfo.do?token=_TOKEN_",
          "dsptDtm": "20240507152016",
          "userCfmYn": "N"
        },
        {
          "ntfcSno": "202405072220240507152013374671",
          "appNtfcDvsCd": "S",
          "mndtNtcMttrYn": "N",
          "ntfcTtlNm": "삑! GO마일리지 5% 적립완료!",
          "ntfcBody": "킥보드/전기자전거 이벤트로 40M가 적립 되었어요! 나의 마일리지를 확인해보세요!",
          "lckMvmnVal": "tmoneytia://mileage/history",
          "dsptDtm": "20240507152016",
          "userCfmYn": "N"
        },
        {
          "ntfcSno": "202405072020240507152542094266",
          "appNtfcDvsCd": "S",
          "mndtNtcMttrYn": "N",
          "ntfcTtlNm": "티머니GO 유형배지 획득!",
          "ntfcBody": "(광고) 지금 바로 유형배지를 확인해 보세요!\r\n(수신거부:더보기>앱설정>PUSH)",
          "lckMvmnVal": "tmoneytia://web?in=https://tiaapid.tmoney.co.kr:20328/webview/mui/v2/inqrMyBadgeInfo.do?token=_TOKEN_",
          "dsptDtm": "20240507152543",
          "userCfmYn": "N"
        },
        {
          "ntfcSno": "202405072220240507172407648257",
          "appNtfcDvsCd": "S",
          "mndtNtcMttrYn": "N",
          "ntfcTtlNm": "고속버스 가입 축하 쿠폰",
          "ntfcBody": "짝짝짝! 티머니GO 고속버스 가입을 축하드립니다\r\n고속버스 전용 1천원 쿠폰이 지급되었으니\r\n지금 바로 사용해보세요!",
          "lckMvmnVal": "tmoneytia://bus/main",
          "dsptDtm": "20240507172410",
          "userCfmYn": "Y"
        },
        {
          "ntfcSno": "202405082020240508102825017146",
          "appNtfcDvsCd": "S",
          "mndtNtcMttrYn": "N",
          "ntfcTtlNm": "티머니GO 유형배지 획득!",
          "ntfcBody": "(광고) 지금 바로 유형배지를 확인해 보세요!\r\n(수신거부:더보기>앱설정>PUSH)",
          "lckMvmnVal": "tmoneytia://web?in=https://tiaapid.tmoney.co.kr:20328/webview/mui/v2/inqrMyBadgeInfo.do?token=_TOKEN_",
          "dsptDtm": "20240508102829",
          "userCfmYn": "N"
        },
        {
          "ntfcSno": "202405082020240508175103827764",
          "appNtfcDvsCd": "S",
          "mndtNtcMttrYn": "N",
          "ntfcTtlNm": "티머니GO 유형배지 획득!",
          "ntfcBody": "(광고) 지금 바로 유형배지를 확인해 보세요!\r\n(수신거부:더보기>앱설정>PUSH)",
          "lckMvmnVal": "tmoneytia://web?in=https://tiaapid.tmoney.co.kr:20328/webview/mui/v2/inqrMyBadgeInfo.do?token=_TOKEN_",
          "dsptDtm": "20240508175107",
          "userCfmYn": "N"
        },
        {
          "ntfcSno": "202405092020240509183324275164",
          "appNtfcDvsCd": "S",
          "mndtNtcMttrYn": "N",
          "ntfcTtlNm": "티머니GO 유형배지 획득!",
          "ntfcBody": "(광고) 지금 바로 유형배지를 확인해 보세요!\r\n(수신거부:더보기>앱설정>PUSH)",
          "lckMvmnVal": "tmoneytia://web?in=https://tiaapid.tmoney.co.kr:20328/webview/mui/v2/inqrMyBadgeInfo.do?token=_TOKEN_",
          "dsptDtm": "20240509183325",
          "userCfmYn": "N"
        },
        {
          "mndtNtcMttrYn": "Y",
          "dsptDtm": "20240530104027",
          "lckMvmnVal": "",
          "ntfcSno": "RT120240530301172211",
          "userCfmYn": "Y",
          "ntfcBody": "배차가 완료 되었습니다.",
          "appNtfcDvsCd": "O",
          "ntfcTtlNm": "[온다택시] 배차 성공"
        },
        {
          "mndtNtcMttrYn": "Y",
          "dsptDtm": "20240530105157",
          "lckMvmnVal": "",
          "ntfcSno": "RT120240530301172213",
          "userCfmYn": "Y",
          "ntfcBody": "티머니onda를 이용해주셔서 감사합니다.",
          "appNtfcDvsCd": "O",
          "ntfcTtlNm": "[티머니onda] 하차"
        },
        {
          "mndtNtcMttrYn": "Y",
          "dsptDtm": "20240530105244",
          "lckMvmnVal": "",
          "ntfcSno": "RT120240530301172214",
          "userCfmYn": "Y",
          "ntfcBody": "배차가 완료 되었습니다.",
          "appNtfcDvsCd": "O",
          "ntfcTtlNm": "[온다택시] 배차 성공"
        }
      ],
      "rspCd": "0000"
    },
    "errMsg": ""
  },
  "cfmRcvNtfcInfo1": {
    "rstCd": "200",
    "dta": {
      "msg": "알림 수신 확인에 성공하였습니다.",
      "okHttpResponseCode": "200",
      "rspMsg": "요청하신 정보에대한 알림일련번호가 2건 이상입니다.",
      "rspCd": "PS03"
    },
    "errMsg": ""
  },
  "cfmRcvNtfcInfo2": {
    "rstCd": "200",
    "dta": {
      "msg": "알림 수신 확인에 성공하였습니다.",
      "okHttpResponseCode": "200",
      "rspMsg": "정상",
      "rspCd": "0000"
    },
    "errMsg": ""
  },
  "cfmRcvNtfcInfo3": {
    "rstCd": "200",
    "dta": {
      "msg": "알림 수신 확인에 성공하였습니다.",
      "okHttpResponseCode": "200",
      "rspMsg": "정상",
      "rspCd": "0000"
    },
    "errMsg": ""
  }
}