{
  "inqrNoticeInfo": {
    "rstCd": "200",
    "dta": {
      "userAppVer": "2.2.8",
      "noticList": [
        {
          "faqTypCd": null,
          "moappSno": null,
          "mblOsKndCd": null,
          "moappVer": null,
          "rnwlNedYn": null,
          "rgsrId": null,
          "rgtDtm": "2024.04.22",
          "updrId": null,
          "updDtm": null,
          "ntfcTtlNm": null,
          "ntfcCtt": null,
          "cnctMoappUrlVal": null,
          "faqCtgCd": null,
          "cateTitle": null,
          "cdSndAdtnInfCtt": null,
          "cateCd": null,
          "cateNm": null,
          "dtlCmnCdNm": null,
          "faqTtlNm": null,
          "faqCtt": null,
          "keyWord": null,
          "moappNtcMttrSno": "20240422000000000052",
          "ntcMttrDvsCd": "S",
          "ntcMttrDvsNm": "티머니GO",
          "ntcMttrTtlNm": "티머니 onda택시 제주지역 신규 오픈!",
          "ntcMttrCtt": "안녕하세요 티머니GO입니다. \r\n\r\n티머니GO 온다택시 이용 가능 지역에 '제주'가 추가 되었습니다. \r\n\r\n이제는 제주에서도 \r\n적립되는 택시, '온다택시'를 이용해보세요~ \r\n\r\n[ 온다택시 서비스 제공 지역 ] \r\n서울, 대전, 광명, 부천, 양주, 강원, 춘천, 원주, 구미, 창원, 김해, 인천, 제주 \r\n\r\n감사합니다\r\n티머니GO 드림",
          "bltnSttDtm": "20240422000000",
          "bltnEndDtm": "20240522235959",
          "bltnYn": "Y",
          "dotUseYn": "Y",
          "dotUseSttDtm": "20240422000000",
          "dotUseEndDtm": "20240426235959",
          "ntcRgtDtm": null,
          "dotScrExprYn": "Y",
          "ntcMttrImgPathVal": " ",
          "mvmnPathVal": " "
      },
      {
          "faqTypCd": null,
          "moappSno": null,
          "mblOsKndCd": null,
          "moappVer": null,
          "rnwlNedYn": null,
          "rgsrId": null,
          "rgtDtm": "2024.04.05",
          "updrId": null,
          "updDtm": null,
          "ntfcTtlNm": null,
          "ntfcCtt": null,
          "cnctMoappUrlVal": null,
          "faqCtgCd": null,
          "cateTitle": null,
          "cdSndAdtnInfCtt": null,
          "cateCd": null,
          "cateNm": null,
          "dtlCmnCdNm": null,
          "faqTtlNm": null,
          "faqCtt": null,
          "keyWord": null,
          "moappNtcMttrSno": "20240405000000000051",
          "ntcMttrDvsCd": "O",
          "ntcMttrDvsNm": "온다",
          "ntcMttrTtlNm": "[티머니onda]회원용 이용약관 변경 안내(4/15)",
          "ntcMttrCtt": "안녕하세요, 티머니GO 입니다.\r\n티머니onda 서비스의 [티머니onda 회원용 이용약관]이 아래와 같이 변경될 예정입니다.\r\n\r\n■ 시행일 : 2024년 4월 5일 이후\r\n■ 변경사항 : 첨부 이미지 참고\r\n\r\n감사합니다.",
          "bltnSttDtm": "20240405000000",
          "bltnEndDtm": "20240505235959",
          "bltnYn": "Y",
          "dotUseYn": "Y",
          "dotUseSttDtm": "20240405000000",
          "dotUseEndDtm": "20240409235959",
          "ntcRgtDtm": null,
          "dotScrExprYn": "N",
          "ntcMttrImgPathVal": "https://tiaapid.tmoney.co.kr:20328/resources/upload/img/ntc/20240405000000000001.png",
          "mvmnPathVal": " "
      },
      {
          "faqTypCd": null,
          "moappSno": null,
          "mblOsKndCd": null,
          "moappVer": null,
          "rnwlNedYn": null,
          "rgsrId": null,
          "rgtDtm": "2024.04.05",
          "updrId": null,
          "updDtm": null,
          "ntfcTtlNm": null,
          "ntfcCtt": null,
          "cnctMoappUrlVal": null,
          "faqCtgCd": null,
          "cateTitle": null,
          "cdSndAdtnInfCtt": null,
          "cateCd": null,
          "cateNm": null,
          "dtlCmnCdNm": null,
          "faqTtlNm": null,
          "faqCtt": null,
          "keyWord": null,
          "moappNtcMttrSno": "20240405000000000050",
          "ntcMttrDvsCd": "O",
          "ntcMttrDvsNm": "온다",
          "ntcMttrTtlNm": "[티머니onda]개인정보 처리방침 변경 안내(4/15)",
          "ntcMttrCtt": "안녕하세요, 티머니GO 입니다.\r\n티머니onda 서비스의 [개인정보 처리방침]이 아래와 같이 변경될 예정입니다.\r\n\r\n■ 시행일 : 2024년 4월 5일 이후\r\n■ 변경사항 : 첨부 이미지 참고\r\n\r\n감사합니다.",
          "bltnSttDtm": "20240405000000",
          "bltnEndDtm": "20240505235959",
          "bltnYn": "Y",
          "dotUseYn": "Y",
          "dotUseSttDtm": "20240405000000",
          "dotUseEndDtm": "20240412235959",
          "ntcRgtDtm": null,
          "dotScrExprYn": "N",
          "ntcMttrImgPathVal": "https://tiaapid.tmoney.co.kr:20328/resources/upload/img/ntc/20240405000000000002.png",
          "mvmnPathVal": " "
      },
      {
          "faqTypCd": null,
          "moappSno": null,
          "mblOsKndCd": null,
          "moappVer": null,
          "rnwlNedYn": null,
          "rgsrId": null,
          "rgtDtm": "2024.04.04",
          "updrId": null,
          "updDtm": null,
          "ntfcTtlNm": null,
          "ntfcCtt": null,
          "cnctMoappUrlVal": null,
          "faqCtgCd": null,
          "cateTitle": null,
          "cdSndAdtnInfCtt": null,
          "cateCd": null,
          "cateNm": null,
          "dtlCmnCdNm": null,
          "faqTtlNm": null,
          "faqCtt": null,
          "keyWord": null,
          "moappNtcMttrSno": "20240404000000000049",
          "ntcMttrDvsCd": "S",
          "ntcMttrDvsNm": "티머니GO",
          "ntcMttrTtlNm": "온다택시 이용 약관 및 개인정보처리방침 변경 안내의 건",
          "ntcMttrCtt": "-",
          "bltnSttDtm": "20240404000000",
          "bltnEndDtm": "20241231235959",
          "bltnYn": "Y",
          "dotUseYn": "N",
          "dotUseSttDtm": null,
          "dotUseEndDtm": null,
          "ntcRgtDtm": null,
          "dotScrExprYn": "Y",
          "ntcMttrImgPathVal": "https://tiaapid.tmoney.co.kr:20328/resources/upload/img/ntc/20240404000000000001.png",
          "mvmnPathVal": " "
        }
      ]
    },
    "errMsg": ""
  },
  "getNoticeDtlInfo": {
    "rstCd": "200",
    "dta": {
      "rspCd": "0000",
      "rspMsg": "공지사항 정보를 정상 조회되었습니다.",
      "noticeDtlInfo": {
        "faqTypCd": null,
        "moappSno": null,
        "mblOsKndCd": null,
        "moappVer": null,
        "rnwlNedYn": null,
        "rgsrId": null,
        "rgtDtm": "2024.04.05",
        "updrId": null,
        "updDtm": null,
        "ntfcTtlNm": null,
        "ntfcCtt": null,
        "cnctMoappUrlVal": null,
        "faqCtgCd": null,
        "cateTitle": null,
        "cdSndAdtnInfCtt": null,
        "cateCd": null,
        "cateNm": null,
        "dtlCmnCdNm": null,
        "faqTtlNm": null,
        "faqCtt": null,
        "keyWord": null,
        "moappNtcMttrSno": "20240405000000000050",
        "ntcMttrDvsCd": "O",
        "ntcMttrDvsNm": "온다",
        "ntcMttrTtlNm": "[티머니onda]개인정보 처리방침 변경 안내(4/15)",
        "ntcMttrCtt": "안녕하세요, 티머니GO 입니다.\r\n티머니onda 서비스의 [개인정보 처리방침]이 아래와 같이 변경될 예정입니다.\r\n\r\n■ 시행일 : 2024년 4월 5일 이후\r\n■ 변경사항 : 첨부 이미지 참고\r\n\r\n감사합니다.",
        "bltnSttDtm": "20240405000000",
        "bltnEndDtm": "20240505235959",
        "bltnYn": "Y",
        "dotUseYn": "Y",
        "dotUseSttDtm": "20240405000000",
        "dotUseEndDtm": "20240412235959",
        "ntcRgtDtm": null,
        "dotScrExprYn": "Y",
        "ntcMttrImgPathVal": "https://tiaapid.tmoney.co.kr:20328/resources/upload/img/ntc/20240405000000000002.png",
        "mvmnPathVal": " "
      }
    },
    "errMsg": ""
  }
}