{
  "taxiHistory" : {
    "err_code": "S0000",
    "err_String": "성공",
    "callHistoryInfoList": [
      {
        "serviceType": "ONDA",
        "serialId": "",
        "callKey": "20077198",
        "paymentFailed": false,
        "askPayTypeString": "",
        "receivableAmount": 0,
        "regdate": "2024-05-16 (목)",
        "start": "대구광역시 동구 신암동 294 동대구역",
        "startAddress": "대구광역시 동구 신암동 294",
        "endAddress": "대구광역시 북구 칠성동2가 302-348",
        "end": "대구광역시 북구 칠성동2가 302-348",
        "getOnTime": "13:58",
        "getOffTime": "13:58",
        "getoffAddr": "대구광역시 북구 칠성동2가 302-348",
        "startPoiName": "동대구역",
        "endPoiName": "",
        "phoneNumber": "01032210718",
        "carNumber": "대구00아0003",
        "driverName": "김민희",
        "callFee": "0",
        "payAmount": "5000",
        "dcAmount": "0",
        "couponDcAmount": "0",
        "mileageDcAmount": "0",
        "addFee": "0",
        "callViewYN": "N",
        "payTypeCode": "24",
        "payTypeString": "현대신용카드",
        "taxiType": "N",
        "taxiName": "온다택시 중형",
        "showPhoneNumber": true,
        "isMyCall": "N",
        "payDtm": "05월 16일 목요일 13:58",
        "unpaidCompleteList": [],
        "payDivList": [
          {
            "paymentDivDate": "2024-05-16 13:58",
            "payDivAmount": 5000,
            "paymentDivTypeNm": "현대신용카드",
            "payTypeDiv": "R"
          }
        ],
        "driverEvaluationDisplay": true,
        "isForOtherRider": false,
        "riderMbphNo": "",
        "riderName": ""
      },
      {
        "serviceType": "IM",
        "serialId": "I00000002140",
        "callKey": "2140",
        "paymentFailed": false,
        "askPayTypeString": "",
        "receivableAmount": 0,
        "regdate": "2024-05-16 (목)",
        "start": "서울특별시 중구 남대문로5가 581 서울시티타워",
        "startAddress": "서울특별시 중구 남대문로5가 581",
        "endAddress": "서울특별시 중구 서소문동 90-1",
        "end": "서울특별시 중구 서소문동 90-1 시청역 2호선",
        "getOnTime": "13:44",
        "getOffTime": "13:44",
        "getoffAddr": "서울특별시 중구 서소문동 90-1 시청역 2호선",
        "startPoiName": "서울시티타워",
        "endPoiName": "시청역 2호선",
        "phoneNumber": "01098601639",
        "carNumber": "서울70자1639",
        "driverName": "장용기",
        "callFee": "0",
        "payAmount": "12600",
        "dcAmount": "250",
        "couponDcAmount": "0",
        "mileageDcAmount": "0",
        "addFee": "0",
        "callViewYN": "N",
        "payTypeCode": "21",
        "payTypeString": "티머니 비즈페이",
        "taxiType": "I_W",
        "taxiName": "i.M 화이트",
        "showPhoneNumber": true,
        "isMyCall": "N",
        "payDtm": "05월 16일 목요일 13:44",
        "unpaidCompleteList": [],
        "payDivList": [
          {
            "paymentDivDate": "2024-05-16 13:44",
            "payDivAmount": 12350,
            "paymentDivTypeNm": "티머니 비즈페이",
            "payTypeDiv": "R"
          }
        ],
        "driverEvaluationDisplay": false,
        "isForOtherRider": false,
        "riderMbphNo": "",
        "riderName": ""
      },
      {
        "serviceType": "ONDA",
        "serialId": "",
        "callKey": "20076545",
        "paymentFailed": false,
        "askPayTypeString": "",
        "receivableAmount": 0,
        "regdate": "2024-04-29 (월)",
        "start": "춘천시청 강원특별자치도 춘천시 옥천동 111-1",
        "startAddress": "강원특별자치도 춘천시 옥천동 111-1",
        "endAddress": "강원특별자치도 춘천시 근화동 558",
        "end": "춘천역(경춘선) 강원특별자치도 춘천시 근화동 558",
        "getOnTime": "15:53",
        "getOffTime": "15:53",
        "getoffAddr": "춘천역(경춘선) 강원특별자치도 춘천시 근화동 558",
        "startPoiName": "춘천시청",
        "endPoiName": "춘천역(경춘선)",
        "phoneNumber": "01097991417",
        "carNumber": "강원11바1929",
        "driverName": "김덕원",
        "callFee": "0",
        "payAmount": "0",
        "dcAmount": "0",
        "couponDcAmount": "0",
        "mileageDcAmount": "0",
        "addFee": "0",
        "callViewYN": "N",
        "payTypeCode": "11",
        "payTypeString": "현장결제",
        "taxiType": "N",
        "taxiName": "온다택시 중형",
        "showPhoneNumber": false,
        "isMyCall": "N",
        "payDtm": "04월 29일 월요일 15:53",
        "unpaidCompleteList": [],
        "payDivList": [
          {
            "paymentDivDate": "2024-04-29 15:53",
            "payDivAmount": 0,
            "paymentDivTypeNm": "현장결제",
            "payTypeDiv": "R"
          }
        ],
        "driverEvaluationDisplay": false,
        "isForOtherRider": false,
        "riderMbphNo": "",
        "riderName": ""
      },
      {
        "serviceType": "IM",
        "serialId": "I00000001574",
        "callKey": "1574",
        "paymentFailed": false,
        "askPayTypeString": "",
        "receivableAmount": 0,
        "regdate": "2024-04-15 (월)",
        "start": "서울특별시 중구 남대문로5가 549",
        "startAddress": "서울특별시 중구 남대문로5가 549",
        "endAddress": "서울특별시 중구 남대문로5가 84-11",
        "end": "서울특별시 중구 남대문로5가 84-11 연세대학교 세브란스빌딩",
        "getOnTime": "22:10",
        "getOffTime": "12:18",
        "getoffAddr": "서울특별시 중구 남대문로5가 84-11 연세대학교 세브란스빌딩",
        "startPoiName": "",
        "endPoiName": "연세대학교 세브란스빌딩",
        "phoneNumber": "01098601639",
        "carNumber": "서울70자1639",
        "driverName": "장용기",
        "callFee": "0",
        "payAmount": "9300",
        "dcAmount": "0",
        "couponDcAmount": "0",
        "mileageDcAmount": "0",
        "addFee": "0",
        "callViewYN": "N",
        "payTypeCode": "22",
        "payTypeString": "모바일티머니",
        "taxiType": "I_W",
        "taxiName": "i.M 화이트",
        "showPhoneNumber": false,
        "isMyCall": "N",
        "payDtm": "04월 16일 화요일 12:18",
        "unpaidCompleteList": [],
        "payDivList": [
          {
            "paymentDivDate": "2024-04-16 12:18",
            "payDivAmount": 9300,
            "paymentDivTypeNm": "모바일티머니",
            "payTypeDiv": "R"
          }
        ],
        "driverEvaluationDisplay": false,
        "isForOtherRider": false,
        "riderMbphNo": "",
        "riderName": ""
      },
      {
        "serviceType": "IM",
        "serialId": "I00000001572",
        "callKey": "1572",
        "paymentFailed": false,
        "askPayTypeString": "",
        "receivableAmount": 0,
        "regdate": "2024-04-15 (월)",
        "start": "서울특별시 중구 남대문로5가 554",
        "startAddress": "서울특별시 중구 남대문로5가 554",
        "endAddress": "서울특별시 중구 서소문동 90-1",
        "end": "서울특별시 중구 서소문동 90-1 시청역 2호선",
        "getOnTime": "19:39",
        "getOffTime": "19:41",
        "getoffAddr": "서울특별시 중구 서소문동 90-1 시청역 2호선",
        "startPoiName": "",
        "endPoiName": "시청역 2호선",
        "phoneNumber": "01098601639",
        "carNumber": "서울70자1639",
        "driverName": "장용기",
        "callFee": "0",
        "payAmount": "11000",
        "dcAmount": "0",
        "couponDcAmount": "0",
        "mileageDcAmount": "0",
        "addFee": "0",
        "callViewYN": "N",
        "payTypeCode": "22",
        "payTypeString": "모바일티머니",
        "taxiType": "I_W",
        "taxiName": "i.M 화이트",
        "showPhoneNumber": false,
        "isMyCall": "N",
        "payDtm": "04월 15일 월요일 19:43",
        "unpaidCompleteList": [],
        "payDivList": [
          {
            "paymentDivDate": "2024-04-15 19:43",
            "payDivAmount": 11000,
            "paymentDivTypeNm": "모바일티머니",
            "payTypeDiv": "R"
          }
        ],
        "driverEvaluationDisplay": false,
        "isForOtherRider": false,
        "riderMbphNo": "",
        "riderName": ""
      },
      {
        "serviceType": "IM",
        "serialId": "I00000001569",
        "callKey": "1569",
        "paymentFailed": false,
        "askPayTypeString": "",
        "receivableAmount": 0,
        "regdate": "2024-04-15 (월)",
        "start": "서울특별시 중구 남대문로5가 614",
        "startAddress": "서울특별시 중구 남대문로5가 614",
        "endAddress": "서울특별시 중구 서소문동 90-1",
        "end": "서울특별시 중구 서소문동 90-1 시청역 2호선",
        "getOnTime": "17:42",
        "getOffTime": "17:42",
        "getoffAddr": "서울특별시 중구 서소문동 90-1 시청역 2호선",
        "startPoiName": "",
        "endPoiName": "시청역 2호선",
        "phoneNumber": "01098601639",
        "carNumber": "서울70자1639",
        "driverName": "장용기",
        "callFee": "0",
        "payAmount": "12700",
        "dcAmount": "0",
        "couponDcAmount": "0",
        "mileageDcAmount": "0",
        "addFee": "0",
        "callViewYN": "N",
        "payTypeCode": "22",
        "payTypeString": "모바일티머니",
        "taxiType": "I_W",
        "taxiName": "i.M 화이트",
        "showPhoneNumber": false,
        "isMyCall": "N",
        "payDtm": "04월 15일 월요일 17:42",
        "unpaidCompleteList": [],
        "payDivList": [
          {
            "paymentDivDate": "2024-04-15 17:42",
            "payDivAmount": 12700,
            "paymentDivTypeNm": "모바일티머니",
            "payTypeDiv": "R"
          }
        ],
        "driverEvaluationDisplay": false,
        "isForOtherRider": false,
        "riderMbphNo": "",
        "riderName": ""
      },
      {
        "serviceType": "IM",
        "serialId": "I00000001567",
        "callKey": "1567",
        "paymentFailed": false,
        "askPayTypeString": "",
        "receivableAmount": 0,
        "regdate": "2024-04-15 (월)",
        "start": "서울특별시 중구 남대문로5가 84-11 연세대학교 세브란스빌딩",
        "startAddress": "서울특별시 중구 남대문로5가 84-11",
        "endAddress": "서울특별시 중구 서소문동 90-1",
        "end": "서울특별시 중구 서소문동 90-1 시청역 2호선",
        "getOnTime": "15:32",
        "getOffTime": "15:32",
        "getoffAddr": "서울특별시 중구 서소문동 90-1 시청역 2호선",
        "startPoiName": "연세대학교 세브란스빌딩",
        "endPoiName": "시청역 2호선",
        "phoneNumber": "01098601639",
        "carNumber": "서울70자1639",
        "driverName": "장용기",
        "callFee": "0",
        "payAmount": "10100",
        "dcAmount": "0",
        "couponDcAmount": "0",
        "mileageDcAmount": "0",
        "addFee": "0",
        "callViewYN": "N",
        "payTypeCode": "22",
        "payTypeString": "모바일티머니",
        "taxiType": "I_W",
        "taxiName": "i.M 화이트",
        "showPhoneNumber": false,
        "isMyCall": "Y",
        "payDtm": "04월 15일 월요일 15:32",
        "unpaidCompleteList": [],
        "payDivList": [
          {
            "paymentDivDate": "2024-04-15 15:32",
            "payDivAmount": 10100,
            "paymentDivTypeNm": "모바일티머니",
            "payTypeDiv": "R"
          }
        ],
        "driverEvaluationDisplay": false,
        "isForOtherRider": false,
        "riderMbphNo": "",
        "riderName": ""
      },
      {
        "serviceType": "IM",
        "serialId": "I00000001564",
        "callKey": "1564",
        "paymentFailed": false,
        "askPayTypeString": "",
        "receivableAmount": 0,
        "regdate": "2024-04-15 (월)",
        "start": "서울특별시 중구 남대문로5가 84-11 연세대학교 세브란스빌딩",
        "startAddress": "서울특별시 중구 남대문로5가 84-11",
        "endAddress": "서울특별시 중구 서소문동 90-1",
        "end": "서울특별시 중구 서소문동 90-1 시청역 2호선",
        "getOnTime": "14:24",
        "getOffTime": "14:24",
        "getoffAddr": "서울특별시 중구 서소문동 90-1 시청역 2호선",
        "startPoiName": "연세대학교 세브란스빌딩",
        "endPoiName": "시청역 2호선",
        "phoneNumber": "01098601639",
        "carNumber": "서울70자1639",
        "driverName": "장용기",
        "callFee": "0",
        "payAmount": "10300",
        "dcAmount": "0",
        "couponDcAmount": "0",
        "mileageDcAmount": "0",
        "addFee": "0",
        "callViewYN": "N",
        "payTypeCode": "22",
        "payTypeString": "모바일티머니",
        "taxiType": "I_W",
        "taxiName": "i.M 화이트",
        "showPhoneNumber": false,
        "isMyCall": "N",
        "payDtm": "04월 15일 월요일 14:29",
        "unpaidCompleteList": [],
        "payDivList": [
          {
            "paymentDivDate": "2024-04-15 14:29",
            "payDivAmount": 10300,
            "paymentDivTypeNm": "모바일티머니",
            "payTypeDiv": "R"
          }
        ],
        "driverEvaluationDisplay": false,
        "isForOtherRider": true,
        "riderMbphNo": "01092413423",
        "riderName": "테스트"
      },
      {
        "serviceType": "ONDA",
        "serialId": "",
        "callKey": "20075722",
        "paymentFailed": false,
        "askPayTypeString": "",
        "receivableAmount": 0,
        "regdate": "2024-04-12 (금)",
        "start": "대구광역시 동구 신암동 294 동대구역",
        "startAddress": "대구광역시 동구 신암동 294",
        "endAddress": "대구광역시 북구 칠성동2가 302-348",
        "end": "대구광역시 북구 칠성동2가 302-348",
        "getOnTime": "20:33",
        "getOffTime": "20:34",
        "getoffAddr": "대구광역시 북구 칠성동2가 302-348",
        "startPoiName": "동대구역",
        "endPoiName": "",
        "phoneNumber": "01032210718",
        "carNumber": "대구00아0003",
        "driverName": "김민희",
        "callFee": "0",
        "payAmount": "20000",
        "dcAmount": "0",
        "couponDcAmount": "0",
        "mileageDcAmount": "0",
        "addFee": "0",
        "callViewYN": "N",
        "payTypeCode": "22",
        "payTypeString": "모바일티머니",
        "taxiType": "N",
        "taxiName": "온다택시 중형",
        "showPhoneNumber": false,
        "isMyCall": "N",
        "payDtm": "04월 12일 금요일 20:44",
        "unpaidCompleteList": [],
        "payDivList": [
          {
            "paymentDivDate": "2024-04-12 20:44",
            "payDivAmount": 20000,
            "paymentDivTypeNm": "모바일티머니",
            "payTypeDiv": "R"
          }
        ],
        "driverEvaluationDisplay": false,
        "isForOtherRider": false,
        "riderMbphNo": "",
        "riderName": ""
      },
      {
        "serviceType": "ONDA",
        "serialId": "",
        "callKey": "20075716",
        "paymentFailed": false,
        "askPayTypeString": "",
        "receivableAmount": 0,
        "regdate": "2024-04-12 (금)",
        "start": "대구광역시 동구 신암동 294 동대구역",
        "startAddress": "대구광역시 동구 신암동 294",
        "endAddress": "대구광역시 북구 칠성동2가 302-348",
        "end": "대구광역시 북구 칠성동2가 302-348",
        "getOnTime": "19:05",
        "getOffTime": "19:06",
        "getoffAddr": "대구광역시 북구 칠성동2가 302-348",
        "startPoiName": "동대구역",
        "endPoiName": "",
        "phoneNumber": "01032210718",
        "carNumber": "대구00아0003",
        "driverName": "김민희",
        "callFee": "0",
        "payAmount": "20000",
        "dcAmount": "0",
        "couponDcAmount": "0",
        "mileageDcAmount": "0",
        "addFee": "0",
        "callViewYN": "N",
        "payTypeCode": "22",
        "payTypeString": "모바일티머니",
        "taxiType": "N",
        "taxiName": "온다택시 중형",
        "showPhoneNumber": false,
        "isMyCall": "N",
        "payDtm": "04월 12일 금요일 19:31",
        "unpaidCompleteList": [],
        "payDivList": [
          {
            "paymentDivDate": "2024-04-12 19:31",
            "payDivAmount": 20000,
            "paymentDivTypeNm": "모바일티머니",
            "payTypeDiv": "R"
          }
        ],
        "driverEvaluationDisplay": false,
        "isForOtherRider": false,
        "riderMbphNo": "",
        "riderName": ""
      },
      {
        "serviceType": "ONDA",
        "serialId": "",
        "callKey": "20075715",
        "paymentFailed": false,
        "askPayTypeString": "",
        "receivableAmount": 0,
        "regdate": "2024-04-12 (금)",
        "start": "대구광역시 동구 신암동 294 동대구역",
        "startAddress": "대구광역시 동구 신암동 294",
        "endAddress": "대구광역시 북구 칠성동2가 302-348",
        "end": "대구광역시 북구 칠성동2가 302-348",
        "getOnTime": "18:57",
        "getOffTime": "19:00",
        "getoffAddr": "대구광역시 북구 칠성동2가 302-348",
        "startPoiName": "동대구역",
        "endPoiName": "",
        "phoneNumber": "01032210718",
        "carNumber": "대구00아0003",
        "driverName": "김민희",
        "callFee": "0",
        "payAmount": "0",
        "dcAmount": "0",
        "couponDcAmount": "0",
        "mileageDcAmount": "0",
        "addFee": "0",
        "callViewYN": "N",
        "payTypeCode": "11",
        "payTypeString": "현장결제",
        "taxiType": "N",
        "taxiName": "온다택시 중형",
        "showPhoneNumber": false,
        "isMyCall": "N",
        "payDtm": "04월 12일 금요일 19:00",
        "unpaidCompleteList": [],
        "payDivList": [
          {
            "paymentDivDate": "2024-04-12 19:00",
            "payDivAmount": 0,
            "paymentDivTypeNm": "현장결제",
            "payTypeDiv": "R"
          }
        ],
        "driverEvaluationDisplay": false,
        "isForOtherRider": false,
        "riderMbphNo": "",
        "riderName": ""
      },
      {
        "serviceType": "IM",
        "serialId": "I00000001499",
        "callKey": "1499",
        "paymentFailed": false,
        "askPayTypeString": "",
        "receivableAmount": 0,
        "regdate": "2024-04-12 (금)",
        "start": "서울특별시 종로구 신문로2가 1-126 경희궁,시립미술관",
        "startAddress": "서울특별시 종로구 신문로2가 1-126",
        "endAddress": "서울특별시 중구 서소문동 90-1",
        "end": "서울특별시 중구 서소문동 90-1 시청역 2호선",
        "getOnTime": "17:59",
        "getOffTime": "18:00",
        "getoffAddr": "서울특별시 중구 서소문동 90-1 시청역 2호선",
        "startPoiName": "경희궁,시립미술관",
        "endPoiName": "시청역 2호선",
        "phoneNumber": "01098601639",
        "carNumber": "서울70자1639",
        "driverName": "장용기",
        "callFee": "0",
        "payAmount": "22800",
        "dcAmount": "0",
        "couponDcAmount": "0",
        "mileageDcAmount": "0",
        "addFee": "5000",
        "callViewYN": "N",
        "payTypeCode": "",
        "payTypeString": "",
        "taxiType": "I_W",
        "taxiName": "i.M 화이트",
        "showPhoneNumber": false,
        "isMyCall": "N",
        "payDtm": "04월 12일 금요일 18:56",
        "unpaidCompleteList": [],
        "payDivList": [
          {
            "paymentDivDate": "2024-04-12 18:56",
            "payDivAmount": 22800,
            "paymentDivTypeNm": "모바일티머니",
            "payTypeDiv": "R"
          }
        ],
        "driverEvaluationDisplay": false,
        "isForOtherRider": false,
        "riderMbphNo": "",
        "riderName": ""
      }
    ],
    "driverGoodStringList": [
      "조용함",
      "친절함",
      "청결함",
      "안전운전",
      "빠른도착",
      "내비안내 준수",
      "직접입력"
    ],
    "driverBadStringList": [
      "원치않는 대화",
      "불친절함",
      "불쾌한 냄새",
      "결제수단 변경",
      "휴대폰 사용",
      "과다요금",
      "직접입력"
    ]
  },
  "addMycall": {
    "err_code": "S0000",
    "err_String": "성공",
    "myCallKey": 2091
  },
  "deleteMycall": {
    "err_code": "S0000",
    "err_String": "성공"
  }
}