{
  "inqrMbrsTrcrNoList": {
    "rstCd": "200",
    "dta": {
      "msg": "회원교통카드번호 조회에 성공하였습니다.",
      "trcrNoList": [
        {
          "trcrSno": "20240502000000003798",
          "crcmCiUrl": "/resources/images/ci/card_lt_03_20210906.png",
          "trcrNo": "***8895",
          "crcmNm": "롯데카드",
          "crcmCd": "03",
          "crpcId": "368"
        },
        {
          "trcrSno": "20240430000000003794",
          "crcmCiUrl": "/resources/images/ci/card_hd_04.png",
          "trcrNo": "***3302",
          "crcmNm": "현대카드",
          "crcmCd": "04",
          "crpcId": "367"
        },
        {
          "trcrSno": "20240502000000003796",
          "crcmCiUrl": "/resources/images/ci/card_bc_disable_11.png",
          "trcrNo": "***8836",
          "crcmNm": "BC카드",
          "crcmCd": "11",
          "crpcId": "361"
        },
        {
          "trcrSno": "20240508000000003872",
          "crpcId": null,
          "crcmCiUrl": null,
          "trcrNo": "1010-0103-0444-0183",
          "crcmNm": null,
          "crcmCd": null
        },
        {
          "trcrSno": "20240508000000003873",
          "crpcId": null,
          "crcmCiUrl": null,
          "trcrNo": "1010-0017-3334-0523",
          "crcmNm": null,
          "crcmCd": null
        },
        {
          "trcrSno": "20240508000000003874",
          "crpcId": null,
          "crcmCiUrl": null,
          "trcrNo": "1015-0400-1242-8975",
          "crcmNm": null,
          "crcmCd": null
        },
        {
          "trcrSno": "20240508000000003878",
          "crpcId": "367",
          "crcmCiUrl": "/resources/images/ci/card_hd_04.png",
          "trcrNo": "***3302",
          "crcmNm": "현대카드",
          "crcmCd": "04"
        }

      ]
    },
  "errMsg": ""
  },
  "inqrTmpyTrcr": {
    "rstCd": "200",
    "dta": {
      "msg": "",
      "tmpyRgtCnt": "1",
      "tmpyRgtYn": "N"
    },
    "errMsg": ""
  },
  "inqrPageInfoS": {
    "rstCd": "200",
    "dta": {
      "rspCd": "0000",
      "rspTtl": "성공",
      "rspMsg": "정상처리되었습니다.",
      "data": {
        "unslMttr": "· '교통카드 불러오기'는 삼성페이/티머니페이(모바일티머니)/티머니홈페이지에 등록된 카드를 불러올 수 있습니다.\r\n· 삼성페이 교통카드 번호는 삼성페이 APP 에서 메뉴 > 교통카드(티머니) 선택 시 확인 가능합니다.\r\n· 지하철 정기권의 경우 등록 여부와 상관 없이 혜택 지급 대상에서 제외됩니다."
      }
    },
    "errMsg": ""
  },
  "crtnMbrsTrcrNoInfo": {
    "rstCd": "200",
    "dta": {
      "msg": "교통카드번호 등록에 성공하였습니다.",
      "encDtm": "20240417161821",
      "encScsYn": "ZvZJ1m1eqNqjSahYK+LHcfHcfXOxTm8nTzJ1p8I=",
      "scsYn": "Y"
    },
    "errMsg": ""
  },
  "delMbrsTrcrNoInfo": {
    "rstCd": "200",
    "dta": {
      "msg": "교통카드번호 삭제에 성공하였습니다.",
      "scsYn": "Y"
    },
    "errMsg": ""
  },
  "reqRgtTmpyTrcr" : {
    "rstCd": "200",
    "dta": {
      "msg": "티머니 카드 1개가 등록되었습니다.",
      "rgtYn": "Y"
    },
    "errMsg": ""
  }
}