{
  "inqrPageInfoS": {
    "rstCd": "200",
    "dta": {
      "rspCd": "0000",
      "rspTtl": "성공",
      "rspMsg": "정상처리되었습니다.",
      "data": {
        "rollingBnrList": [
          {
            "bnrImgPathVal": "https://tiaapid.tmoney.co.kr:20328/resources/upload/img/bnr/img_bnr_rolling_S_EVNT105_2023110101.jpg",
            "bnrUrlVal": "https://tiaapid.tmoney.co.kr:20328/webview/app/v2/TGOWebView.do?scrnId=SCRN20231102001&moappMbrsSno=20230503000000017723&token=_TOKEN_",
            "bnrSrsq": 101,
            "bnrTtlNm": "[티머니GO] 모바일티머니 연말환급 프로모션",
            "mbltTypCd": null,
            "bnrNo": "20231101000000000191",
            "authTknNedYn": "Y",
            "concScrnDvsCd": "1"
          }
        ],
        "stplList": [
          {
            "stplSno": "20230602174818086000",
            "stplTtlNm": "개인정보 수집 및 이용동의(필수)",
            "stplMndtYn": "Y",
            "stplAgrmYn": "N",
            "stplUrl": "http://1.245.175.56:9190/user/terms/termsDetail.do?termsCd=TRMS_0002",
            "extlUrl": "http://1.245.175.56:9190/user/terms/termsDetail.do?termsCd=TRMS_0002"
          }
        ],
        "unslMttr": "ㆍ 본 명의의 개인 신용카드 또는 체크카드만 등록이 가능합니다.\r\nㆍ 아래에 해당한느 카드는 사용이 불가 합니다.\r\n    (카카오뱅크, 케이뱅크, 토스뱅크 발급 체크카드, 법인카드, 가족카드, 선불카드)\r\nㆍ비씨로고가 있는 카드는 비씨카드를 선택하여 등록하시기 바랍니다.\r\n   ※ 은행사 발급 카드인 경우 비씨 로고가 있는 지 확인 필요"
      }
    },
    "inqrCardBinInfo": {
      "issurCd": "SSC",
      "rspMsg": "정상승인",
      "cardName": "삼성신용카드",
      "cardImgPath": "/resources/images/cardLogo/card_logo_samsung.png",
      "cprtCardYN": "N",
      "crpcId": "365",
      "crpcNm":"삼성카드",
      "checkCardYN": "N",
      "rspCd": "0000",
      "approvalOrgCd": "SSC"
    },
    "crtnMbrsTrcrNoInfo": {
      "scsYn" : "Y",
      "msg" : "성공적으로 카드번호를 등록하였습니다."
    },
    "inqrMbrsTrcrCntInfo": {
      "scsYn": "Y",
      "prcrCnt": 0,
      "dpcCnt": 1,
      "msg": "환승리워드 신청에 성공하였습니다."
    },
    "inqrMbrsTrcrNoList": {
      "trcrNoList": [
        {
          "crcmCd " : "04", 
          "trcrNo" : "***4444",
          "crcmCiUrl" : "/resources/images/ci/card_hd_04.png"},
        {
          "crcmCd" : "",
          "trcrNo" : "***8888",
          "crcmCiUrl" : ""
        }
      ],
      "msg": ""
    },
    "delMbrsTrcrNoInfo": {
      "scsYn": "Y",
      "msg": "성공적으로 교통카드번호를 삭제하였습니다."
    },
    "inqrMbrsStatInfo": {
      "rstCd": "200",
      "dta": {
        "msg": "회원상태 조회에 성공하였습니다.",
        "drmbYn": "N",
        "prsnAuthFnYn": "Y",
        "trcrRgtYn": "N",
        "drvLcnsRgtYn": "N",
        "joinYn": "Y",
        "mlgRfndTgtYn": "N",
        "dcDvsNm": "미등록",
        "gndrCd": "M",
        "dcDvsCd": "0",
        "trtdTgtYn": "N",
        "tmpyRgtYn": "Y",
        "rfndAcntRgtYn": "N"
      },
      "errMsg": ""
    },
    "inqrTmpyTrcr": {
      "tmpyRgtCnt": "2" ,
      "tmpyRgtYn ": "Y"
    },
    "reqRgtTmpyTrcr": {
      "rgtYn" : "Y",
      "msg" : "티머니카드 3개가 등록되었습니다."
    },
    "crtnSpfStplAgrmInfo": {
      "moappMbrsSno" : "20210408000000364216",
      "stplList" : [
        {"stplSno": "20210616000000000226", "stplAgrmYn": "Y" },
        {"stplSno": "20210616000000000227", "stplAgrmYn": "Y" }
      ],
      "rspCd": "0000.",
      "rspMsg": "약관 동의여부 등록 성공"
    },
    "uptMbrsRcvAgrmInfo": {
      "mrkgRcvYn": "Y",
      "msg": "[티머니GO] 성공적으로 수신동의여부가 변경되었습니다.[2021.04.22]"
    }
  }
}