{
  "inqrMbrsTrtdHstList": {
    "rstCd": "200",
    "dta": {
      "msg": "회원 환승할인 내역 조회에 성공하였습니다.",
      "trtdList": [
        {
          "trtdAmt" : 100,
          "trtdDt" : "2023.09.21",
          "trtdRstNm" : "적립",
          "trtdRstVal" : 21
        }
      ],
      "scsYn": "Y"
    },
    "errMsg": ""
  },
  "inqrTrtdMainInfo": {
    "rstCd": "200",
    "dta": {
        "msg": "환승할인 메인화면 조회에 성공하였습니다.",
        "trtdImgPathVal": "https://tiaapid.tmoney.co.kr:20328/resources/upload/img/trtd/img_contents_20240306.png",
        "trtdAcmtAmt": 0,
        "trtdTgtYn": "Y",
        "trtdCtt": "※ 적립 조건 및 마일리지 금액이 별도 고지 없이 변경될 수 있습니다.\r\n※ 등록된 교통카드에 따라 일부 지역에서는 대중교통 이용 내역이 인정되지 않을 수 있습니다.\r\n\r\n<티머니/삼성페이>\r\n- 전국 대중교통에서 이용한 실적 인정\r\n\r\n<신용/체크카드(후불교통카드)>\r\n- 수도권 대중교통 또는 티머니 교통 단말기가 설치된 지역\r\n- 제주, 의성, 대전, 계롱, 김해, 세종, 울진, 영주, 문경, 상주, 경남고성, 예천, 포항, 구례 등\r\n\r\n[대중교통 리워드]\r\n- 대중교통 리워드는 티머니GO 앱 Ver.2.3.7 이상에서만 참여가 가능합니다.\r\n- 리워드 수령 방법은 아래와 같습니다.\r\n\r\n1) 이용 중인 교통카드를 티머니GO에 등록\r\n    → '교통카드 등록하고 혜택 받기' 버튼 클릭\r\n\r\n2) 대중교통 또는 따릉이를 주 3일(월~일요일) 이상 이용\r\n    → 같은 날짜에 중복 이용한 건은 1건만 인정됨\r\n    → 이용 실적은 이용 다음날 오후 중에 반영\r\n       (*단, 따릉이는 3분 이상 대여 건만 이용실적으로 인정됩니다.)\r\n\r\n3) 대중교통 리워드 추첨권 확인하기\r\n    → 주 3일 이상 이용 시, 추첨권 1장 자동 지급 \r\n    → 이용일 수 별 추첨권 차등 지급 (*주 7일 시, 최대 5장)\r\n\r\n4) 추첨권 사용하여 랜덤 GO마일리지 받기\r\n    → 추첨권은 발급일로부터 90일 내 사용 가능\r\n    → 지급된 GO마일리지는 지급일로부터 1년 내 사용 가능\r\n    → 기간 내 사용하지 않아 소멸된 추첨권은 추가 지급되지 않습니다.\r\n\r\n[환승 리워드] \r\n- 환승리워드는 월 최대 3,500M까지 적립 가능합니다.\r\n- 환승리워드 수령 방법은 아래와 같습니다.\r\n\r\n1) 이용 중인 교통카드를 티머니GO에 등록\r\n2) 등록된 교통카드로 대중교통 승/하차 전후로 티머니GO 모빌리티 서비스 이용\r\n\r\n    ** 대중교통↔'택시' 또는 'PM(자전거/킥보드)' 이용 시\r\n    <수도권 지역>\r\n    → 대중교통 승/하차 전후 택시 또는 PM 30분 내 이용 시\r\n       (*단, 따릉이는 3분 이상 대여 건만 이용실적으로 인정됨)\r\n\r\n    <수도권 외 지역>\r\n    → 대중교통 승차 후 택시 또는 PM 90분 내 이용 시\r\n    → 택시 또는 PM 이용 후 30분 내 대중교통 승차 시\r\n        (*단, 따릉이는 3분 이상 대여 건만 이용실적으로 인정됨)\r\n\r\n    ** 대중교통↔'고속/시외버스' 이용 시\r\n    <수도권 지역>\r\n    → 대중교통 하차 후 60분 이내 고속/시외버스 탑승 시\r\n    → 고속/시외버스 승차 후 6시간 이내 대중교통 승차 시\r\n \r\n   <수도권 외 지역>\r\n    → 대중교통 승차 후 120분 이내 고속/시외버스 탑승 시\r\n    → 고속/시외버스 승차 후 6시간 이내 대중교통 승차 시\r\n\r\n3) 이용일 기준 D+2일 오전에 환승리워드 자동 지급",
        "trcrRgtYn": "Y",
        "scsYn": "Y",
        "trtdGdImgPathVal": "https://tiaapid.tmoney.co.kr:20328/resources/upload/img/trtd/img_reward_contents_20240129.png"
    },
    "errMsg": ""
  },
  "inqrTrtdHstDtlList": {
    "rstCd": "200",
    "dta": {
      "trtdList": [
        {
          "mntnNm": "택시",
          "trdTypNm": "승차",
          "trdDrtm": "16:20:34"
        },
        {
          "mntnNm": "대중교통 환승",
          "trdTypNm": "하차",
          "trdDrtm": "18:15:55"
        }
      ]
    },
    "errMsg": ""
  },
  "crtnMbrsCvcpInfo": {
    "rstCd": "200",
    "dta": {
      "msg": "1:1 민원 등록에 성공하였습니다.",
      "scsYn": "Y"
    },
    "errMsg": ""
  }
}