{
  "trvlMrnpDtl": {
    "rstCd": 200,
    "err_cod": "00000",
    "err_msg": "",
    "dta": {
      "trvlMrnpSno": "20240521000000000001",
      "trvlPrdId": "TP001",
      "trvlPrdNm": "[연합]고성 해파랑길/화진포/능파대/아야진 해변 버스 당일여행(지원특가)",
      "prdCtgCd": "TAA",
      "deprDt": "20240631",
      "deprTime": "080000",
      "deprTrmlNm": "광화문역",
      "mnppNm": "티머니1",
      "mnppMbphNo": "010-1234-5678",
      "mnppMailAddr": "tmoney@tmoney.co.kr",
      "mrnpReqCtt": "",
      "pymDtm": "20240429151211",
      "pymAmt": 100000,
      "pmmtPymAmt": 100000,
      "tmgMlgPymAmt": 5000,
      "evcpSno": "123456",
      "evcpUseAmt": 5000,
      "tmnyMlgPymAmt": 0,
      "pymKndCd": "",
      "pymKndNm": "신용카드",
      "pymMnsNm": "신용카드(NH)",
      "busCacmNm": "노랑풍선",
      "busCacmTelNo": "010-2222-5555",
      "busCacmAddr": "서울 종로구 후암로110",
      "pmmtBrkpAmt": 10000,
      "trvlMrnpDtlList": [{
        "trvlTckStaCd": "10",
        "trvlTckStaNm": "예매완료",
        "busTckKndCd": "",
        "busTckKndNm": "일반",
        "trvlTissuId": "TISSUID00001",
        "psngFrnm": "티머니1",
        "psngMbphNo": "010-8488-9515",
        "psngGndrCd": "M",
        "evcpUseYn": "N",
        "pubDt": "240613",
        "pubShctTrmlCd": "1234",
        "pubWndNo": "12",
        "pubSno": 1,
        "satsNo": "22"
      },{
        "trvlTckStaCd": "20",
        "trvlTckStaNm": "취소요청",
        "busTckKndCd": "",
        "busTckKndNm": "일반",
        "trvlTissuId": "TISSUID00002",
        "psngFrnm": "티머니2",
        "psngMbphNo": "010-8488-5159",
        "psngGndrCd": "F",
        "evcpUseYn": "N",
        "pubDt": "240610",
        "pubShctTrmlCd": "1234",
        "pubWndNo": "13",
        "pubSno": 1,
        "satsNo": "22"
      },{
        "trvlTckStaCd": "30",
        "trvlTckStaNm": "취소완료",
        "busTckKndCd": "",
        "busTckKndNm": "아동",
        "trvlTissuId": "TISSUID00003",
        "psngFrnm": "티머니3",
        "psngMbphNo": "010-5488-9515",
        "psngGndrCd": "M",
        "evcpUseYn": "N",
        "pubDt": "240602",
        "pubShctTrmlCd": "1234",
        "pubWndNo": "14",
        "pubSno": 1,
        "satsNo": "22"
      },{
        "trvlTckStaCd": "40",
        "trvlTckStaNm": "검표완료",
        "busTckKndCd": "",
        "busTckKndNm": "아동",
        "trvlTissuId": "TISSUID00004",
        "psngFrnm": "티머니4",
        "psngMbphNo": "010-5488-8835",
        "psngGndrCd": "M",
        "evcpUseYn": "N",
        "pubDt": "240513",
        "pubShctTrmlCd": "1234",
        "pubWndNo": "12",
        "pubSno": 1,
        "satsNo": "22"
      }]
    }
  },
  "userInfoList": {
    "rstCd": 200,
    "err_cod": "00000",
    "err_msg": "",
    "dta": [
      {
        "trvlMrnpSno": "20240521000000000001",
        "trvlMrnpSqno": 1,
        "trvlTckStaCd": "10",
        "trvlTckStaNm": "예매완료",
        "busTckKndCd": "",
        "busTckKndNm": "일반",
        "trvlTissuId": "TISSUID00001",
        "psngFrnm": "티머니",
        "psngMbphNo": "01012345678",
        "psngGndrCd": "M",
        "evcpUseYn": "N",
        "trvlChtkId": "",
        "chtkDtm": "",
        "trvlPymCancSno": ""
      },
      {
        "trvlMrnpSno": "20240521000000000001",
        "trvlMrnpSqno": 2,
        "trvlTckStaCd": "20",
        "trvlTckStaNm": "취소요청",
        "busTckKndCd": "",
        "busTckKndNm": "일반",
        "trvlTissuId": "TISSUID00002",
        "psngFrnm": "티머니2",
        "psngMbphNo": "010-8488-5159",
        "psngGndrCd": "F",
        "evcpUseYn": "N",
        "trvlChtkId": "",
        "chtkDtm": "",
        "trvlPymCancSno": ""
      },
      {
        "trvlMrnpSno": "20240521000000000001",
        "trvlMrnpSqno": 3,
        "trvlTckStaCd": "40",
        "trvlTckStaNm": "예매완료",
        "busTckKndCd": "",
        "busTckKndNm": "아동",
        "trvlTissuId": "TISSUID00002",
        "psngFrnm": "홍길동",
        "psngMbphNo": "01051563222",
        "psngGndrCd": "F",
        "evcpUseYn": "Y",
        "trvlChtkId": "",
        "chtkDtm": "",
        "trvlPymCancSno": ""
    }]
  },
  "stplList": {
    "rstCd": 200,
    "err_msg": "",
    "dta": {
      "stplList": [{
        "stplGrpNm": "티머니 GO 앱 회원가입",
        "stplGrpDesc": "약관 및 주요 안내, 개인정보 필수 수집, ... 이용약관에 모두 동의합니다.",
        "stplBtnNm": "약관동의",
        "utlzSvcDvsCd": "S",
        "stplDtlList": [{
          "sno": "20211228000000000142",
          "trntYn": "N",
          "mndtYn": "Y",
          "ttl": "서비스이용약관",
          "url": "https://maas.tmoney.co.kr/terms",
          "extlUrl": "https://maas.tmoney.co.kr/terms",
          "mrkgYn": "N"
        }]
      }]
    }
  },
  "trvlPaymentDtl": {
    "rstCd": 200,
    "err_cod": "00000",
    "err_msg": "",
    "dta": {
      "trvlMrnpSno": "20240521000000000001",
      "mrnpDt": "20240521",
      "mrnpTime": "151211",
      "trvlMrsStaCd": "1",
      "trblMrsStaNm": "예매완료",
      "trvlPrdNm": "",
      "busCacmNm": "노랑풍선",
      "busCacmTelNo": "010-2222-5555",
      "busCacmAddr": "서울 종로구 후암로110",
      "deprDt": "20240601",
      "deprTime": "080000",
      "deprTrmlCd": "59723A1",
      "deprTrmlNm": "광화문 5호선 1번출구",
      "trvlPymPrcgStaCd": "20",
      "trvlPymPrcgStaNm": "결제완료",
      "pymDtm": "20240429151211",
      "pymAmt": 100000,
      "pmmtPymAmt": 90000,
      "tmgMlgPymAmt": 5000,
      "evcpSno": "00000000000000000001",
      "evcpUseAmt": 5000,
      "tmnyMlgPymAmt": 0,
      "pymKndCd": "",
      "pymKndNm": "신용카드",
      "pymMnsNm": "신용카드(NH)",
      "pymCancDttm": "",
      "pymCancAmt": 0,
      "pmmtCancAmt": 0,
      "tmgMlgCancAmt": 0,
      "evcpUseCancAmt": 0,
      "pmmtBrkpAmt": 0,
      "tmgMlgBrkAmt": 0,
      "trvlMrnpDtlList": [{
        "busTckKndCd": "일반",
        "busTckKndNum": 1
      }]
    }
  },
  "trvlPymRecp": {
    "rstCd": 200,
    "err_cod": "00000",
    "err_msg": "",
    "dta": {
      "busCacmNm": "노랑풍선",
      "busCacmBrn": "1234567890",
      "allPymAmt": 100000,
      "cardPymAmt": 90000,
      "evcpPymAmt": 5000,
      "mlgPymAmt": 5000,
      "pymMnsNm": "신용카드(NH)",
      "aprvNo": "12345678",
      "aprvRgDt": "20240429",
      "aprvRgTime": "151211",
      "aprvAmt": 90000,
      "allCancRyAmt": 0,
      "cardPymCancAmt": 0,
      "evcpPymCancAmt": 0,
      "mlgPymCancAmt": 0,
      "allPnltAmt": 0,
      "trvlMrnpSno": "20240521000000000001",
      "trvlPrdNm": "[연합]고성 해파랑길/화진포/능파대/아야진 해변 버스 당일여행(지원특가)",
      "deprDt": "20240601",
      "deprTime": "080000",
      "trvlRotId": "TR2024042400000071",
      "trvlMrnpDtlList": [{
        "busTckKndNm": "일반",
        "busTckKndNum": 1
      },
      {
        "busTckKndNm": "아동",
        "busTckKndNum": 1
      }]
    }
  },
  "trvlCanc": {
    "rstCd": 200,
    "err_cod": "00000",
    "err_msg": "",
    "dta": {
      "trvlMrnpSno": "20240521000000000001",
      "trvlPrdId": "TP001",
      "trvlPrdNm":"[연합]고성 해파랑길/화진포/능파대/아야진 해변 버스 당일여행(지원특가)",
      "mrnpDt": "20240521",
      "mrnpTime": "151211",
      "trvlMrsStaCd": "1",
      "trvlMrsStaNm": "예매완료",
      "trvlPymPrcgStaCd": "10",
      "trvlPymPrcgStaNm": "결제완료",
      "deprDt": "20240601",
      "deprTime": "080000",
      "pymKndCd": "C",
      "pymKndNm": "신용카드",
      "pymMnsNm": "신용카드(NH)",
      "pymAmt": 100000,
      "pmmtPymAmt": 900000,
      "evcpSno": "00000000000000000001",
      "tmgMlgPymAmt": 7000,
      "evcpUseAmt": 3000,
      "busTckKndNm": "일반",
      "reqCancYn": "N",
      "trvlMrnpDtlList": [{
        "trvlMrnpSno": "20240521000000000001",
        "trvlMrnpSqno": 1,
        "trvlTckStaCd": "10",
        "trvlTckStaNm": "예매완료",
        "trvlTissuId": "TISSUID00001",
        "psngFrnm": "티머니",
        "psngMbphNo": "010-5488-9515",
        "psngGndrCd": "F",
        "evcpUserYn": "Y",
        "tissuAmt": 60000,
        "cancAmt": 0,
        "pnltAmt": 25000,
        "busTckKndNm": "일반",
        "busTckKndNum": 1
      },
      {
        "trvlMrnpSno": "20240521000000000001",
        "trvlMrnpSqno": 2,
        "trvlTckStaCd": "10",
        "trvlTckStaNm": "예매완료",
        "trvlTissuId": "TISSUID00002",
        "psngFrnm": "티머니2",
        "psngMbphNo": "010-5488-9515",
        "psngGndrCd": "F",
        "evcpUserYn": "N",
        "tissuAmt": 40000,
        "cancAmt": 0,
        "pnltAmt": 15000,
        "busTckKndNm": "아동",
        "busTckKndNum": 2
      },
      {
        "trvlMrnpSno": "20240521000000000001",
        "trvlMrnpSqno": 3,
        "trvlTckStaCd": "30",
        "trvlTckStaNm": "예매취소",
        "trvlTissuId": "TISSUID00002",
        "psngFrnm": "티머니3",
        "psngMbphNo": "010-5488-9515",
        "psngGndrCd": "F",
        "evcpUserYn": "N",
        "tissuAmt": 60000,
        "cancAmt": 0,
        "pnltAmt": 25000,
        "busTckKndNm": "일반",
        "busTckKndNum": 1
      },
      {
        "trvlMrnpSno": "20240521000000000001",
        "trvlMrnpSqno": 4,
        "trvlTckStaCd": "40",
        "trvlTckStaNm": "검표완료",
        "trvlTissuId": "TISSUID00002",
        "psngFrnm": "티머니4",
        "psngMbphNo": "010-5488-9515",
        "psngGndrCd": "F",
        "evcpUserYn": "N",
        "tissuAmt": 40000,
        "cancAmt": 0,
        "pnltAmt": 15000,
        "busTckKndNm": "아동",
        "busTckKndNum": 2
      },
      {
        "trvlMrnpSno": "20240521000000000001",
        "trvlMrnpSqno": 5,
        "trvlTckStaCd": "20",
        "trvlTckStaNm": "취소요청",
        "trvlTissuId": "TISSUID00002",
        "psngFrnm": "티머니5",
        "psngMbphNo": "010-5488-9515",
        "psngGndrCd": "F",
        "evcpUserYn": "N",
        "tissuAmt": 40000,
        "cancAmt": 0,
        "pnltAmt": 15000,
        "busTckKndNm": "아동",
        "busTckKndNum": 2
      }]
    }
  }
}